coefs,params,zne
"[np.float64(0.08793102970898964), np.float64(-0.23199292980645622), np.float64(0.10395090819684967), np.float64(0.4228932399821852), np.float64(0.3469399520756134), np.float64(-0.026859874390376313), np.float64(-0.3065235473598645), np.float64(0.11796777295501819), np.float64(-0.5516977817729732), np.float64(0.6140326423914185), np.float64(0.012781192943135865), np.float64(0.21783426425083496), np.float64(0.5695389484180338), np.float64(0.3428510298246582), np.float64(0.06015845724545831), np.float64(0.00940252472466131), np.float64(-0.16224255406897667), np.float64(-0.21972038726445592), np.float64(-0.14601227519100696), np.float64(0.16552317289631718), np.float64(-0.4943458377659327), np.float64(-0.003536145463773498), np.float64(-0.11460369285745203), np.float64(-0.021316847215138525), np.float64(0.19959239068897403), np.float64(0.08458868064313914), np.float64(0.04801262376511576), np.float64(-0.12898137619814623), np.float64(0.14102936443462616), np.float64(-0.1705689453648488), np.float64(0.4130521276047799), np.float64(0.10489834157787922), np.float64(0.40845774879620883), np.float64(-0.45789760901778936), np.float64(0.5594903930824016), np.float64(-0.0761616848941706), np.float64(-0.011536620069642052), np.float64(0.04579858362617703), np.float64(0.006472197908863287), np.float64(-0.2834114716004059), np.float64(-0.3249768478965704), np.float64(0.3861566427446176), np.float64(0.24010392974431558), np.float64(0.14461276432868833), np.float64(0.2540668167788043), np.float64(0.38680223102137673), np.float64(-0.036295567309857515), np.float64(0.4201612541865732), np.float64(-0.19859780319032355), np.float64(-0.4505748393187154), np.float64(-0.3118568526782583), np.float64(0.09051161379390954), np.float64(0.06139360372232111), np.float64(-0.14408432805336271), np.float64(-0.3775448980227074), np.float64(-0.2666525973383894), np.float64(0.4620353881551059), np.float64(0.22983712766742995), np.float64(0.05998697385074967), np.float64(0.04550755999139041), np.float64(0.2313540772140853), np.float64(-0.09353758628250967), np.float64(0.03346406370969653), np.float64(-0.11503350308235333), np.float64(0.11458612379195685), np.float64(-0.013668019979137582)]","[-1.57628347 -1.57115718 -1.57278479  1.63359144 -4.82207689  4.69586718
 -0.98339195 -0.66872986 -0.49073796  0.15406762 -1.31943483 -1.57674335
  0.2513554  -2.06551615  0.08377966 -3.03771804  3.28505562  1.01936735
  1.33195171 -1.63576381  1.55324409  1.52639804  0.40511077 -3.13638329
  1.54762568 -1.54831217 -1.29273571 -1.29859333 -1.54952573  1.52829557
 -1.6023729  -1.39976615  1.36357037 -1.61012878 -1.42354095  1.78021473
 -0.4932009   1.47248559 -1.67493107 -1.59279881  1.52379793  1.59675804
  1.5720196   1.57441336  1.60173797 -1.45601652  1.60848271  1.64763225]",-2.160450545761705
"[np.float64(-0.17323903917032205), np.float64(-0.023608927209224785), np.float64(-0.2871986289913785), np.float64(0.5060610165919412), np.float64(-0.7159309003785591), np.float64(-0.2666962997321873), np.float64(-0.040495749173171995), np.float64(-0.13160661861343662), np.float64(-0.12197539444886346), np.float64(-0.34321615135465333), np.float64(0.1876012146405651), np.float64(0.0069339874535409175), np.float64(-0.44902558880834886), np.float64(-0.2559253117755219), np.float64(-0.2661827873294297), np.float64(0.32769632450771136), np.float64(-0.2535004081828788), np.float64(0.28437167654231915), np.float64(0.14457604003749874), np.float64(0.11334817369711521), np.float64(-0.2127802415344564), np.float64(-0.4140684625804063), np.float64(-0.27162753810625384), np.float64(0.059068808404754834), np.float64(0.22162957461826088), np.float64(-0.31202987353441436), np.float64(-0.5380797347834076), np.float64(0.07201367593906652), np.float64(0.22025355795399404), np.float64(0.6042376254948667), np.float64(-0.13281741696756807), np.float64(-0.014484033764157564), np.float64(0.10752100036000982), np.float64(-0.3435712294469094), np.float64(0.09218193092536468), np.float64(-0.11194075570725978), np.float64(-0.5155025512155547), np.float64(0.021565706056896877), np.float64(-0.19443328857891592), np.float64(-0.15273030579648453), np.float64(0.1392019055664556), np.float64(-0.20528660841229276), np.float64(-0.3623509310051062), np.float64(0.18287092273526073), np.float64(0.1569843096720108), np.float64(0.6600676013478048), np.float64(0.6596583898046112), np.float64(0.2698838240991951), np.float64(0.08443493896147675), np.float64(0.005189239059363903), np.float64(0.24397450455507044), np.float64(-0.2160798940050164), np.float64(0.5006678758893632), np.float64(-0.7038169999483963), np.float64(-0.22250342841673204), np.float64(-0.1765407469680613), np.float64(-0.46909918073082585), np.float64(0.289776934147306), np.float64(-0.3500730672478225), np.float64(-0.2808576034823487), np.float64(0.1898288194959381), np.float64(0.5803150173894066), np.float64(-0.2464038651566201), np.float64(0.34572691297220437), np.float64(-0.12651613799397535), np.float64(0.3504043686317687)]","[ 3.90911498 -3.14347323  2.93733    -0.03560349  2.98683137  0.3413841
  0.31788178 -0.26425678 -0.04787616 -0.15707529 -0.35796395  1.57570738
 -1.65781591 -1.60490953  1.56865701  1.57373341 -1.57290358 -1.57039943
 -1.57066387  1.5709365   1.57060685 -1.5692668   1.57069382 -0.11993629
 -1.57140497 -1.43028866 -1.81525766  1.6212073   1.50251868  4.70525583
 -1.5929351   1.22308441  1.35417608  4.9297655  -0.88062146  0.00927037
  1.56912186 -1.76101621  1.7007681   1.48028664  1.38255214 -1.5178467
 -1.37087667 -1.53534343  1.5525364   1.48331903  1.55207923  1.62735799]",-2.7297439357098483
"[np.float64(-0.0036283157430498235), np.float64(-0.07668870131061244), np.float64(-0.07990657236114374), np.float64(0.08150998210463896), np.float64(-0.12323529178034485), np.float64(0.3049278334913132), np.float64(-0.7170008636914417), np.float64(0.056326981793715154), np.float64(-0.010766393252684218), np.float64(-0.0684373988002629), np.float64(0.12172452369823665), np.float64(0.15535273342895506), np.float64(-0.3257641800360256), np.float64(0.6508916328770168), np.float64(-0.14172710339011313), np.float64(-0.07778383261408109), np.float64(-0.01360187602957527), np.float64(-0.028414618983745445), np.float64(-0.08128830948091577), np.float64(0.06144262979500453), np.float64(0.3064820918577779), np.float64(0.04798161380638732), np.float64(0.6627340889282769), np.float64(0.33784320884629654), np.float64(-0.0564586795464917), np.float64(0.15772738745866954), np.float64(0.1479866080897719), np.float64(-0.38249039529794354), np.float64(0.047834122632142435), np.float64(-0.3798688919877237), np.float64(-0.13819535847077968), np.float64(0.0999067452299553), np.float64(-0.5610289906107365), np.float64(-0.047047333692483664), np.float64(-0.342210392628664), np.float64(-0.5973514227511576), np.float64(-0.17792787032348548), np.float64(-0.37236522072128314), np.float64(0.19005266524244765), np.float64(0.03439384792542767), np.float64(0.6436263363913315), np.float64(-0.5724897549263877), np.float64(0.1854332480835618), np.float64(-0.1533458158563158), np.float64(-0.174083720962967), np.float64(-0.09700543000082859), np.float64(-0.4407446169823875), np.float64(0.08990185826829235), np.float64(-0.2570000585040998), np.float64(0.29135825897629536), np.float64(-0.16809996508158676), np.float64(-0.10053656851817215), np.float64(0.6091444754122229), np.float64(-0.10792216926073454), np.float64(-0.4132271367413676), np.float64(-0.026636631296635162), np.float64(-0.31951353251347836), np.float64(0.2934254456270511), np.float64(-0.3329828960614711), np.float64(-0.17389773494470173), np.float64(0.04409910064013693), np.float64(0.05785345126996969), np.float64(-0.18074133803663178), np.float64(-0.4798203651638391), np.float64(-0.42739682122014955), np.float64(0.2745699952859661)]","[-1.54362208  1.59894236 -0.01340489  0.52873349  0.89157648 -2.6329563
 -0.51240229  5.50340911 -0.32654658  0.96644302 -2.18757116  1.5570854
 -1.37752604 -0.13156342  0.92873701 -1.58635281 -1.56380795 -1.56695524
 -1.56992243  1.57026771 -1.5677152   1.5953026   1.62020011  3.46296569
 -1.5398445   0.0639264   1.08724522 -1.36881667 -1.43518203  1.42457294
  1.75037237  1.45431575  1.67960991  1.60802992 -1.56649907  1.57479726
 -3.14863817 -2.11405945  1.40902531 -1.63087233 -1.56378889 -1.55479039
  1.59269573 -1.50611215  1.17000706 -2.29654675  2.88233062 -3.15269286]",-2.085914842238708
"[np.float64(-0.3133326127692122), np.float64(0.28326643932744655), np.float64(-0.22830223710913594), np.float64(0.111002746631258), np.float64(0.32856350159293324), np.float64(-0.131593543233824), np.float64(0.04015622442496698), np.float64(0.03603617499291712), np.float64(-0.3176481119339417), np.float64(0.24041113492611504), np.float64(0.35926255379268), np.float64(-0.03948456617255642), np.float64(-0.023878561302853703), np.float64(0.02446458474393865), np.float64(-0.10246966371372551), np.float64(0.2750499389221146), np.float64(0.1314766992190929), np.float64(-0.38747296344834603), np.float64(-0.07995308580940179), np.float64(0.2662611599251466), np.float64(-0.09686738039261669), np.float64(-0.3768895385735497), np.float64(0.22055607592904217), np.float64(0.162838205940015), np.float64(-0.3791984365048026), np.float64(0.20289823937204363), np.float64(-0.16041987817358208), np.float64(0.30017592347829913), np.float64(0.5780232382584277), np.float64(0.04052186119921792), np.float64(0.0611939715993573), np.float64(-0.0855348446556642), np.float64(-0.12208899370163041), np.float64(0.16788127375492146), np.float64(-0.2627364772167551), np.float64(-0.19545552821500484), np.float64(0.22890778671835066), np.float64(0.47783143435266784), np.float64(-0.16065098496405886), np.float64(0.1834384531340102), np.float64(0.2328509681026073), np.float64(0.11022630659043499), np.float64(-0.009770167770056936), np.float64(0.20581841911971582), np.float64(0.08159635792544673), np.float64(0.00746894645738366), np.float64(-0.36795735722739475), np.float64(-0.05017337970480933), np.float64(-0.1489505168682174), np.float64(-0.3344139014974627), np.float64(-0.05853957319312547), np.float64(-0.22749916273172247), np.float64(0.00567236192530986), np.float64(0.05921695382420364), np.float64(-0.24178221233445038), np.float64(0.23926101813287468), np.float64(0.1608017486642847), np.float64(0.06765551988254681), np.float64(-0.5336501329264532), np.float64(0.016570985461909087), np.float64(-0.20853563617260687), np.float64(-0.1035539226599557), np.float64(-0.5425878081195783), np.float64(-0.2968696845585965), np.float64(-0.22916590606352058), np.float64(-0.07264545299016548)]","[-1.35132201e-02  3.14189978e+00  3.14297178e+00 -3.14218766e+00
  8.38552412e-04 -7.99342353e-04  3.14301190e+00  2.25686605e-04
  3.14196218e+00 -3.14169657e+00  3.14352084e+00  3.92425439e-03
  1.69146821e+00  1.57578297e+00  1.52090233e+00 -1.73981717e+00
 -1.64607249e+00 -1.74331764e+00 -3.23994304e+00 -7.06337356e-02
 -3.12702281e+00 -3.03290146e+00 -5.14065733e-01 -1.57302204e+00
 -1.56906769e+00 -1.57156155e+00  1.57195297e+00 -1.57072515e+00
 -1.57023267e+00 -1.57096253e+00 -1.57042806e+00  1.56383878e+00
 -1.59860178e+00 -1.49659544e+00  1.52917612e+00 -4.71335224e+00
  1.56524270e+00  1.58290381e+00  1.58081285e+00 -1.53182242e+00
  1.47843699e+00  1.64875605e-02  3.20582123e+00  1.03711054e-01
 -3.19329124e+00  2.81338327e+00  1.44387389e+00  1.72420970e+00]",-2.0912564163827483
"[np.float64(-0.06459802819387889), np.float64(0.22436593105057118), np.float64(-0.22502667804882742), np.float64(0.3327686379191861), np.float64(-0.4880792531918439), np.float64(-0.14073283644250925), np.float64(0.022949906419254314), np.float64(-0.33299782796553107), np.float64(0.1806188001444952), np.float64(-0.6467650645724615), np.float64(0.1818724809981416), np.float64(0.1702166875231134), np.float64(-0.06498945968920858), np.float64(0.01611107752053064), np.float64(0.09152886759511865), np.float64(0.08138331068863301), np.float64(0.20874786197826808), np.float64(-0.06289394675251687), np.float64(0.12992921830205423), np.float64(-0.222866193068235), np.float64(0.4937753424814356), np.float64(0.6940618383041249), np.float64(0.17300358872302957), np.float64(0.5310071889752568), np.float64(-0.0733645557208395), np.float64(-0.003247701514994062), np.float64(-0.023533705681462267), np.float64(0.6738110147300318), np.float64(0.19798619646684584), np.float64(-0.34692899678459777), np.float64(-0.14510593638761726), np.float64(0.2052770602976434), np.float64(-0.020706714715898227), np.float64(-0.09863938785380097), np.float64(-0.0854182575487004), np.float64(0.34065642662893325), np.float64(0.14204528604365396), np.float64(0.2906081372090756), np.float64(0.08962483561501323), np.float64(0.14630378090011936), np.float64(-0.07588059433570843), np.float64(-0.09350458822646605), np.float64(-0.293015694542124), np.float64(0.5205708813693081), np.float64(0.6398829457314342), np.float64(0.2837093973391135), np.float64(-0.23387142311211756), np.float64(0.049886770874123625), np.float64(-0.8355362446046051), np.float64(-0.20083973161243715), np.float64(0.016112323033644158), np.float64(-0.3025876182753468), np.float64(0.5934897414675905), np.float64(-0.18722408056823728), np.float64(0.7379919701603483), np.float64(-0.09870138557171214), np.float64(0.03560724097259487), np.float64(0.12214421770882561), np.float64(-0.0508862851854871), np.float64(0.11245235364162956), np.float64(0.014208899809188661), np.float64(0.19898323039056523), np.float64(0.12604455506068782), np.float64(0.24817178526875294), np.float64(-0.13495019659083435), np.float64(0.5730205931575556)]","[ 1.74444591e+00 -4.91021149e+00  4.68091006e+00 -4.56349095e-02
  1.53257900e+00  3.15110211e+00 -1.88607703e+00  3.08601518e+00
 -1.57547718e+00 -1.61336861e-01  3.94919126e-01  1.17918663e+00
  4.61683071e+00 -4.63201145e+00 -3.76936375e+00 -2.49804673e+00
 -1.57844925e-01  2.96857795e+00  1.55308498e-03 -3.16676947e+00
  1.48504526e+00  1.61454627e+00  1.56180513e+00 -1.57130017e+00
  1.71976500e+00 -1.54607928e+00  1.31076350e-01 -1.62028105e+00
  3.18949383e+00  1.86380312e+00 -3.28960485e+00 -1.63886353e+00
  2.94418147e+00 -5.57163150e-01 -1.38814384e+00 -1.70110830e+00
  3.16221048e+00  2.90598258e+00  8.82603719e-02  3.11191144e+00
  3.17931697e+00  3.20208255e+00  3.24565022e+00  3.24288079e+00
  2.98071236e+00 -3.21556073e-01  1.55781180e-01  2.22389862e-02]",-1.2801619258107166
"[np.float64(0.31855230405221113), np.float64(0.028803608023501223), np.float64(-0.7388526258234871), np.float64(0.22895865991603173), np.float64(-0.4332215410767345), np.float64(-0.13498126131303362), np.float64(-0.08138632692505192), np.float64(-0.24142995679836887), np.float64(0.3504800948857139), np.float64(-0.000582611845181346), np.float64(0.40530573886299415), np.float64(-0.5124764762545841), np.float64(0.029541792849427463), np.float64(-0.14719858069563715), np.float64(-0.22572565469427958), np.float64(-0.2901056135202967), np.float64(0.05660771358110751), np.float64(0.056804521246892246), np.float64(-0.09468307325250254), np.float64(-0.003433959355971537), np.float64(0.038284433308925656), np.float64(0.008000584931979155), np.float64(0.043414103149005644), np.float64(0.10593580355604162), np.float64(-0.06348128912527401), np.float64(-0.43351680753304134), np.float64(0.19035661316020422), np.float64(0.3145691779377209), np.float64(0.6001350361932583), np.float64(-0.2217535708805438), np.float64(-0.009356284107357813), np.float64(-0.005705833780280012), np.float64(-0.18402168603244928), np.float64(0.5280303807800947), np.float64(0.10646714940217794), np.float64(-0.1843589455807635), np.float64(-0.11923280533434817), np.float64(-0.2597806254795646), np.float64(-0.28804097626398795), np.float64(-0.5583932723455368), np.float64(-0.0806889276047149), np.float64(0.18744225946717546), np.float64(0.22251309971401492), np.float64(0.2642283185198227), np.float64(-0.05520197225162595), np.float64(0.07557105558533472), np.float64(-0.2248744934630393), np.float64(-0.14860695362023515), np.float64(0.015461839362498574), np.float64(0.18045068311013046), np.float64(0.37541120388793575), np.float64(0.18101872044961898), np.float64(0.3373150624220258), np.float64(-0.5039672183749739), np.float64(-0.09770996136667323), np.float64(0.5816832856811616), np.float64(0.25630359729528246), np.float64(-0.1402352297633944), np.float64(-0.17642680442087444), np.float64(-0.3402367668880004), np.float64(0.30343900873264035), np.float64(0.31894067202153636), np.float64(-0.029658427110676823), np.float64(-0.025542013515903832), np.float64(0.1537183628720573), np.float64(0.2789551943788145)]","[ 1.57590863e+00  2.32702378e-01  1.56981104e+00  3.18358963e-03
  4.66307265e+00  3.14215493e+00 -1.53193066e+00 -2.63325173e-02
  1.58170002e+00 -1.57094429e+00 -4.97218829e-03 -1.56916464e+00
  1.57705111e+00 -1.56646116e+00 -3.72884447e+00  5.82946696e-01
 -8.49224314e-01  8.46945918e-01  1.26260880e+00  1.88602993e+00
 -1.56566811e+00 -2.95038282e+00  1.88308848e-01 -1.57050667e+00
  1.33126435e+00  2.25364256e-01 -1.51505810e+00  9.98280927e-02
 -1.44818248e+00  8.62992820e-02 -1.69465356e+00 -2.22180687e-01
 -3.19430722e+00  1.91399847e+00  1.17159416e-01 -3.14396038e+00
 -1.57192408e+00  1.42827278e+00 -1.61895135e+00 -1.73757001e+00
  1.69995382e+00 -1.62561621e+00  1.57560338e+00  1.68167239e+00
  1.58060398e+00 -1.59667565e+00 -1.75933398e+00 -1.70540817e+00]",-1.5539521887430965
"[np.float64(0.6147346486942417), np.float64(-0.007104946895787455), np.float64(0.0956677723211631), np.float64(0.3783446811883121), np.float64(0.23435478183226247), np.float64(0.08837788206154178), np.float64(0.023858514900674255), np.float64(0.17320442343408732), np.float64(-0.34078240763129514), np.float64(-0.3442233760888041), np.float64(0.023328792050860893), np.float64(-0.7638080359228364), np.float64(0.1853393554540515), np.float64(-0.1863678769681161), np.float64(-0.5471531428192706), np.float64(0.47457716791651927), np.float64(-0.17599470512147877), np.float64(-0.39318011532217995), np.float64(-0.03436450773218943), np.float64(0.0332232077539719), np.float64(0.5987685343384279), np.float64(0.07400404513386667), np.float64(-0.45199639309470835), np.float64(-0.0003202287459349532), np.float64(-0.19154432701420754), np.float64(0.4064063789107582), np.float64(0.1892815408215366), np.float64(0.0745591759217801), np.float64(0.09919129780553783), np.float64(-0.04471485023373987), np.float64(-0.5360817153166417), np.float64(0.1355465347904587), np.float64(-0.2621616991571524), np.float64(0.20891841408188455), np.float64(-0.5071825299674673), np.float64(-0.18509159220578272), np.float64(-0.008749987702984392), np.float64(0.05842068940906547), np.float64(0.41029074195803406), np.float64(-0.27831250155239545), np.float64(-0.18756871635810074), np.float64(0.4416017963614927), np.float64(0.5043337827138695), np.float64(-0.5094009201289145), np.float64(0.5257794820000681), np.float64(0.2833845960209693), np.float64(0.02094554128288523), np.float64(-0.11644917003922216), np.float64(-0.12052150061116894), np.float64(-0.010693808801736659), np.float64(0.12132366442271582), np.float64(0.05165312931257852), np.float64(0.17799878894249566), np.float64(0.14805260341870785), np.float64(0.1538103714997678), np.float64(0.16309999470737718), np.float64(-0.061884014481905954), np.float64(-0.19862155893739733), np.float64(-0.10753837094748428), np.float64(-0.3567221058848419), np.float64(0.45114880390831374), np.float64(0.5297030313123984), np.float64(-0.011576711044331698), np.float64(0.1607841744457539), np.float64(-0.5299840994005423), np.float64(0.16018741511987913)]","[ 2.41207954 -3.07658421 -1.00408792 -2.87973756  1.27220561 -3.1247322
 -1.56959849 -0.01059881  1.60235023 -0.05730487  1.43092676  1.57035739
 -1.57135832 -1.57189226  1.57401362  1.56992556 -1.57842778  1.56605056
  0.59836564 -0.59769431  2.12931617  2.08842399 -1.64159492  1.57082024
  0.4194744   2.71432017 -1.42391558  3.78395599  1.04360458 -2.65881525
  1.26476566 -0.25163041  2.5214887  -0.67279371  1.43875881  1.69829071
 -1.72922602 -1.58689602 -1.55988982  1.57418112 -4.71627579  4.71365754
  1.57330118  1.5671002   1.57524537  1.56410663 -1.56350597 -1.48198452]",-1.2753032307127796
"[np.float64(-0.04793576166797716), np.float64(-0.12266150069072469), np.float64(0.3399593229819788), np.float64(0.14039102983055138), np.float64(-0.15560235216354745), np.float64(0.24925466570055324), np.float64(0.16102883830280298), np.float64(-0.2658753876372324), np.float64(-0.047512535989962135), np.float64(-0.22248509051378898), np.float64(-0.42872800344152107), np.float64(0.4779807596129588), np.float64(-0.25901839614773864), np.float64(-0.23400036338525537), np.float64(-0.1377340563462867), np.float64(0.12462116715612745), np.float64(0.14514024342726178), np.float64(0.16892504152248988), np.float64(-0.6336496128070447), np.float64(0.30206486004074407), np.float64(0.34193971480788926), np.float64(0.127595304852873), np.float64(-0.19621394907460826), np.float64(-0.049047488112363626), np.float64(-0.3988879410994698), np.float64(0.08270581271928712), np.float64(0.31772962467024524), np.float64(-0.08416733325269149), np.float64(0.3492276716438738), np.float64(0.09926720979728831), np.float64(-0.1426948975302821), np.float64(0.06527953871771539), np.float64(0.22549682746699226), np.float64(0.31669277465516943), np.float64(0.12461775311248795), np.float64(0.038105341069225265), np.float64(0.03571119705276133), np.float64(-0.302595915099155), np.float64(-0.22442537707028293), np.float64(-0.23434840980614308), np.float64(-0.06207289893611156), np.float64(0.17111073746687494), np.float64(0.4672389290476528), np.float64(0.1475429906528084), np.float64(0.2254773623779266), np.float64(-0.48260987501009617), np.float64(0.23062435115984947), np.float64(0.10790625927485031), np.float64(-0.06210526354169149), np.float64(-0.5757563974370553), np.float64(-0.22662225747143175), np.float64(0.23707456270451374), np.float64(-0.1569017100297536), np.float64(-0.08180878014901274), np.float64(0.1445582374689771), np.float64(0.34761592240941996), np.float64(-0.2221413268859168), np.float64(0.01002862843610262), np.float64(-0.41730919704495384), np.float64(0.757623740459161), np.float64(0.026505481408398986), np.float64(-0.4346571017766226), np.float64(0.22494259401634006), np.float64(0.1258057248438663), np.float64(0.07676228903469656), np.float64(0.10922911472122193)]","[ 1.57587218e+00 -1.57581651e+00  1.56665179e+00 -1.57889580e+00
  1.31697421e+00  1.60478437e+00 -1.62345155e+00 -1.45589706e+00
 -1.53068657e+00  1.49941982e+00  1.38978448e+00  1.59161456e+00
 -1.17639711e+00 -3.53966966e+00  3.30042100e-01 -1.73769477e-01
  5.04775936e-04 -1.80553603e-01  2.41664690e-01  3.48695126e-01
  8.15933205e-02 -2.48504993e-01  2.88932210e+00  3.59327859e-02
 -1.55610853e+00  1.69854337e+00  1.65405503e+00 -4.66953757e+00
 -1.64994027e+00  1.48140353e+00 -1.54529570e+00  1.49631492e+00
  1.49486167e+00  1.48366747e+00  4.28702928e+00 -1.58681475e+00
 -1.16674528e+00  1.31785277e+00  1.33214769e+00 -1.52398750e+00
 -1.58112803e+00  1.48644657e+00  4.63256134e+00  1.37959995e+00
 -1.65210471e+00 -4.35214581e+00  1.74924291e+00 -1.05721678e+00]",-2.258063350456723
"[np.float64(0.10718309279631436), np.float64(-0.18138377479370832), np.float64(-0.04146333361336989), np.float64(-0.04833366145428907), np.float64(-0.8769306976979938), np.float64(0.3674523117961227), np.float64(-0.2331798319259634), np.float64(-0.20470693360596826), np.float64(0.376221128844954), np.float64(-0.2559190841799318), np.float64(-0.09780899389006785), np.float64(0.1711312940985534), np.float64(-0.11570417420257526), np.float64(-0.25208733822129764), np.float64(0.2929875151726789), np.float64(0.14355577843128295), np.float64(0.228909610077197), np.float64(-0.1820872283221856), np.float64(0.013416491325137987), np.float64(0.2249135226599025), np.float64(0.0280336934994836), np.float64(-0.11193679882370074), np.float64(-0.5800670721758561), np.float64(0.041231240620932835), np.float64(-0.6398320857723685), np.float64(0.39393943821810734), np.float64(-0.11014391637935429), np.float64(0.3167897135796358), np.float64(-0.18870771101810568), np.float64(0.23534708814095037), np.float64(-0.07358960898589716), np.float64(0.5003049199278261), np.float64(-0.5728814422309132), np.float64(-0.3140760043114569), np.float64(-0.1791344000070018), np.float64(-0.16429855258251172), np.float64(-0.3949986340855982), np.float64(0.08687395448302672), np.float64(0.2013477707494682), np.float64(0.11455804625602692), np.float64(-0.023326502690691163), np.float64(0.18718763583171974), np.float64(0.20454759421750662), np.float64(-0.05227537423015006), np.float64(-0.009821723270874105), np.float64(-0.19468660294559856), np.float64(-0.1797317905668588), np.float64(-0.37719757230884793), np.float64(0.3888754430760716), np.float64(0.11810243393328818), np.float64(-0.01984506888144637), np.float64(-0.40975237237780804), np.float64(-0.49704155713028825), np.float64(-0.09267353646561274), np.float64(-0.14602945429096312), np.float64(-0.5363020440815498), np.float64(0.8702785286708449), np.float64(-0.47869879835238693), np.float64(0.13488999947251604), np.float64(-0.21272741126766517), np.float64(0.10815127600918556), np.float64(0.26830225768565613), np.float64(-0.5405789349312261), np.float64(0.3914780413174085), np.float64(-0.003223440941544002), np.float64(-0.23661038076202795)]","[-3.00963780e+00 -2.39316809e+00 -1.23910385e+00 -1.33863569e+00
 -2.39940527e+00 -1.17808879e-01  1.57088888e+00  8.23345331e-03
  4.70972271e+00 -2.82857713e+00  2.46048282e+00  1.57086047e+00
 -1.57135679e+00 -1.57083152e+00  1.57063430e+00 -1.57111274e+00
 -1.57045713e+00  1.57123367e+00 -4.39397300e+00  1.25236231e+00
 -1.56833681e+00 -1.56890679e+00  1.57058348e+00 -4.71243626e+00
  8.22366680e-01  2.75095808e-01 -3.22784121e-01 -3.65963988e+00
 -1.22565452e+00 -1.44431592e-01 -1.48354403e+00  2.62546862e+00
  1.22319602e+00 -2.12579973e+00  1.25507412e+00  6.14493345e-04
 -1.57081653e+00  1.70448304e+00  1.76810770e+00  4.53004779e+00
  5.07961351e+00 -1.48449312e+00  1.54005722e+00  1.49845363e+00
 -1.61778768e+00  1.62148457e+00  1.62602871e+00 -4.75703251e+00]",-1.842983568029922
"[np.float64(0.01686376427106829), np.float64(-0.16612239869286655), np.float64(0.27605134652533514), np.float64(0.21408462259184038), np.float64(0.22496301217135872), np.float64(-0.33525850967689547), np.float64(-0.16233534631094104), np.float64(-0.07821890351070454), np.float64(0.156378627444588), np.float64(0.23138055729782517), np.float64(-0.30050714952879415), np.float64(0.3287454237034668), np.float64(0.006989931031215769), np.float64(-0.23018033719288558), np.float64(-0.05168945850252604), np.float64(0.1868268118241168), np.float64(0.722864303397203), np.float64(-0.3501082616176452), np.float64(0.1713506338181047), np.float64(-0.04674809770311042), np.float64(0.12879908201499646), np.float64(-0.3814822015303139), np.float64(-0.3446951211035945), np.float64(-0.008293864031154464), np.float64(0.12471992992307253), np.float64(-0.005384828579891938), np.float64(0.07236167938865629), np.float64(-0.12028253247883719), np.float64(0.4575127211990697), np.float64(-0.5096825821540093), np.float64(0.2230044723949184), np.float64(0.06566340260695702), np.float64(-0.6041869292664119), np.float64(0.21749842556926538), np.float64(0.34178908928797125), np.float64(0.08879281110791122), np.float64(-0.41458196296831396), np.float64(-0.2282666954359244), np.float64(0.0767894911850064), np.float64(-0.33422209382215473), np.float64(0.28873608532511197), np.float64(0.19922433241803217), np.float64(0.28468490765175997), np.float64(-0.029429872382460174), np.float64(0.06539441641858747), np.float64(-0.6230014670696528), np.float64(0.5037349053224975), np.float64(-0.08267502715822375), np.float64(0.3028913002356598), np.float64(-0.12278320875421057), np.float64(0.41562426474675773), np.float64(-0.0578458243135206), np.float64(-0.11002788006473357), np.float64(0.12263031231006734), np.float64(0.19291180012011394), np.float64(0.20105732685231584), np.float64(-0.1018193041071801), np.float64(-0.13574177369255114), np.float64(0.21948419097250943), np.float64(-0.15878763188678321), np.float64(0.3058504714589753), np.float64(-0.4413266577632038), np.float64(0.3381848295911952), np.float64(0.05177934691483962), np.float64(-0.009725395305252633), np.float64(-0.19525365844462)]","[ 0.80237252  1.54815085  2.17087978 -0.78817948 -0.90968973  0.82062259
  0.99794818 -0.67654544  0.9979553   0.46137479  0.20582994  1.5791271
  1.57421034  1.01690597 -0.94105167  1.32115687 -4.56898782  4.62665559
  1.6237418  -1.54011975 -1.58286798  1.56592904 -1.57096997  1.56899074
  4.06683736 -0.55048413  5.01298012 -1.67758092 -1.53283929 -1.60842775
 -1.4966602  -1.60849673 -1.51621452  1.47496118  1.5322598  -1.5659738
 -1.55867985 -1.54759629 -1.59688169  1.61608665  1.52849291  1.61725886
  1.59146895 -1.58049389 -1.55277851  1.61235357  4.73388608  1.5643042 ]",-2.155248345335167
"[np.float64(0.038151851056849775), np.float64(0.1078198683853046), np.float64(0.25520279631041354), np.float64(0.23555325267673757), np.float64(0.14124699705870442), np.float64(0.3986643019866957), np.float64(0.014288580140395017), np.float64(-0.30562606419198135), np.float64(0.1756324031787324), np.float64(-0.24416056965324268), np.float64(0.3440000238690023), np.float64(-0.3276025295613866), np.float64(0.11343499246041398), np.float64(0.27331132310499895), np.float64(0.2130107511755019), np.float64(-0.1641095169247935), np.float64(-0.0379842630248982), np.float64(0.30850316073889605), np.float64(0.252903997278785), np.float64(-0.04172444610395433), np.float64(-0.10695001998223616), np.float64(0.020135418703101267), np.float64(0.13222730248803904), np.float64(0.2684012803672893), np.float64(-0.2775189472204337), np.float64(0.18400489510090942), np.float64(-0.09511966016116943), np.float64(-0.2399082470409925), np.float64(-0.5217428602242697), np.float64(-0.21783058750329348), np.float64(0.047753469972956215), np.float64(0.1697749365034199), np.float64(-0.43818224488061236), np.float64(0.39971407163649203), np.float64(0.1644522627596452), np.float64(-0.18187280737962944), np.float64(0.32416166050384837), np.float64(-0.09150967357037687), np.float64(-0.3820367996184081), np.float64(-0.118176005024524), np.float64(-0.0348379998239061), np.float64(0.05426935226180351), np.float64(0.11416842125455465), np.float64(0.25514664166198386), np.float64(-0.42851515338175844), np.float64(0.0712532526489563), np.float64(-0.5246727794069012), np.float64(0.5262268330798213), np.float64(0.17970367432915377), np.float64(-0.2979344569769214), np.float64(-0.031132590534573), np.float64(-0.005677727337765783), np.float64(0.23542642043786957), np.float64(0.11250920329850507), np.float64(-0.2596781217696505), np.float64(-0.1775591147104184), np.float64(0.22270660667605907), np.float64(0.2994509433333874), np.float64(-0.1472755439846875), np.float64(0.10473195263497793), np.float64(0.5697106101283561), np.float64(-0.1743775449074233), np.float64(-0.12659089639548812), np.float64(0.4274730906408946), np.float64(0.3082189500910991), np.float64(0.07815456076234084)]","[ 1.69320788e+00 -1.90628503e-01 -3.08155432e-02 -2.80354992e+00
 -2.37651474e+00 -1.13140177e+00 -6.96880215e-01 -3.05810956e+00
  2.28980940e+00 -3.74248716e-02  1.56337426e+00  1.57160546e+00
  1.57071989e+00 -1.57080988e+00  1.57079167e+00  1.57079920e+00
  1.57079041e+00 -1.57079769e+00  1.57080156e+00 -1.57079790e+00
  1.57078162e+00  1.57077559e+00  1.57076639e+00  1.56964467e+00
 -1.38017388e+00 -1.72731105e+00  1.06639157e+00  2.18830163e+00
  3.28628310e+00  9.23667358e-01 -1.37040895e+00 -6.42831491e-01
  1.81917799e+00  2.68311555e-01  3.07026457e+00 -7.56363884e-06
 -1.57079623e+00 -1.60224998e+00  1.81179442e+00 -1.85135278e+00
 -1.52370503e+00 -4.70196611e+00  4.71047240e+00  1.70759639e+00
  1.59012401e+00 -1.58171852e+00  1.46038605e+00 -1.59314208e+00]",-2.1131211295414687
"[np.float64(-0.11968949567259224), np.float64(-0.20886032584632677), np.float64(0.7636019307812043), np.float64(-0.2809688375553793), np.float64(0.18190708754145024), np.float64(0.6757161902121134), np.float64(0.03772631054630104), np.float64(0.058892132770985775), np.float64(-0.14621781592953267), np.float64(-0.3806956657547441), np.float64(0.4215191482465658), np.float64(-0.0023393403139490535), np.float64(0.23580398166802513), np.float64(0.08963472840565397), np.float64(0.231858140756344), np.float64(0.005221706823046485), np.float64(-0.39587484475832696), np.float64(-0.140737849830109), np.float64(-0.3156806674505171), np.float64(0.41280934806729197), np.float64(-0.26736839738473756), np.float64(0.12183859186885901), np.float64(-0.12255875126868038), np.float64(-0.14723622958477112), np.float64(0.35917200120330606), np.float64(-0.19034911089964682), np.float64(-0.5094137035667093), np.float64(0.2967227297817478), np.float64(-0.044536517157227236), np.float64(-0.1600679947543089), np.float64(-0.1484484639857269), np.float64(-0.18037814316869774), np.float64(0.1480275615927563), np.float64(0.2291007739142393), np.float64(0.07722211201737111), np.float64(-0.5123284899818498), np.float64(0.28759312954800403), np.float64(0.02019827417491433), np.float64(-0.20515445597072005), np.float64(-0.4395096061872269), np.float64(-0.10280300210500658), np.float64(-0.01807260276636409), np.float64(-0.15999751433855294), np.float64(-0.08885892879880038), np.float64(0.3866592121633479), np.float64(0.30719245395871203), np.float64(-0.11003691775932851), np.float64(-0.05629828190884678), np.float64(-0.037424019243344604), np.float64(0.4481419824243305), np.float64(-0.2766166680016728), np.float64(-0.15925140609348898), np.float64(-0.0021792839676332454), np.float64(0.2030683820622866), np.float64(0.43134329412009087), np.float64(0.03627826954918605), np.float64(-0.025463213513224534), np.float64(0.24245912805660294), np.float64(-0.1159858132486838), np.float64(0.3343416080519112), np.float64(0.1881337747503677), np.float64(0.4920988471822952), np.float64(-0.5456493085014295), np.float64(-0.05686203315099838), np.float64(0.0859267411799772), np.float64(0.15855968199278228)]","[-0.04372917 -2.90243523  0.87875378 -1.7932269  -0.31801712  1.59306969
  2.16588547 -0.01044976  3.10696433  3.147634    3.12608678  1.57384971
  1.57165407  1.5566493   1.56982166 -1.58056561 -1.55530165  1.40411786
  1.57164059  1.5705558  -1.57023068 -1.5708325   1.57072776  1.56642534
  0.2303969   2.26434929  1.40983293  4.51668857 -0.83683943  2.34046494
  1.00485593 -1.00987679 -1.87928826 -0.88910016 -1.57934877 -0.30904133
  3.15098128  1.07395088  1.51225373 -1.61269981  1.56639157 -1.5723363
 -1.57077397  1.57103732  1.57109907 -1.57019722  1.56701609  4.59877153]",-1.91543226226986
"[np.float64(-0.08064233571655811), np.float64(-0.23405439329895608), np.float64(-0.036546256320706606), np.float64(-0.17323499664637512), np.float64(-0.2724056605786944), np.float64(-0.3761455139617186), np.float64(-0.2581524836025553), np.float64(-0.24638356198566833), np.float64(-0.37745538049691096), np.float64(-0.5196954116199698), np.float64(0.18079751186522885), np.float64(0.2586367846046687), np.float64(0.13245183559448767), np.float64(-0.22879815527921785), np.float64(-0.1175995821511089), np.float64(-0.06633270991507624), np.float64(-0.35292368234646937), np.float64(-0.38603919245236124), np.float64(0.3876493195730275), np.float64(0.03251324696339267), np.float64(0.16359753922295414), np.float64(0.4261641158284855), np.float64(-0.19166369811484457), np.float64(0.5917232345848972), np.float64(0.2652476794649774), np.float64(-0.04283194115726157), np.float64(-0.22669720392948392), np.float64(-0.5102710492245289), np.float64(0.23192952812385337), np.float64(-0.28212051613861455), np.float64(0.1359578895698484), np.float64(-0.1664331101001364), np.float64(-0.8048892900155743), np.float64(0.1173023331655006), np.float64(0.23419112411716936), np.float64(-0.18323377949108366), np.float64(0.0660973698951088), np.float64(-0.0793188543339628), np.float64(0.19209371286640536), np.float64(0.09013975165879369), np.float64(-0.3311057015164915), np.float64(-0.4734175634130209), np.float64(-0.08959219235403423), np.float64(-0.24752384547649903), np.float64(-0.2047500811132722), np.float64(-0.5008308154151796), np.float64(0.30689625405754195), np.float64(-0.06999607282418388), np.float64(0.10525124056435148), np.float64(0.33733073096237753), np.float64(0.34083497028168297), np.float64(-0.5661010910424823), np.float64(0.38766316079946794), np.float64(-0.5425365114266675), np.float64(-0.5191218220982553), np.float64(-0.0280596619746914), np.float64(-0.11384566467161451), np.float64(0.3940881285363897), np.float64(0.5378172720829606), np.float64(-0.037216840494083116), np.float64(0.21954668735354468), np.float64(0.09907294955797381), np.float64(-0.26931401885026335), np.float64(0.481163313093035), np.float64(0.10136883266917912), np.float64(0.033264349268897604)]","[-3.9666896   1.62430892  1.75174391  1.05082463 -1.98708303  1.16922732
  2.32087716  1.12837873  2.23171963 -0.86488546  1.04430428 -1.57309581
 -1.58399144  2.31160478  3.7174142  -0.53313925 -2.23099914 -1.14907559
 -1.90969046  1.41696893 -1.66921796  1.50372913 -1.59785162  1.56211673
 -0.66363225  1.02569635 -1.68040113 -1.73795183  1.46879018 -1.4766475
 -1.61300871 -1.61273121 -1.50980057  1.57093257 -1.6135588  -1.56466631
 -1.57097743  4.72117373  1.59114241  1.60575755  1.63444848  1.65278981
  1.63440382 -1.50463161 -1.61638727  1.55925322  1.60411939 -4.70149013]",-2.155176772192135
"[np.float64(-0.0671300682699116), np.float64(0.0995162690786354), np.float64(0.13300703292258906), np.float64(-0.3887653330246956), np.float64(0.2740825432419725), np.float64(0.3423428485429052), np.float64(-0.062106133401105684), np.float64(-0.24742612725876512), np.float64(0.18312661126112362), np.float64(0.15992326773149704), np.float64(0.20143223195263596), np.float64(-0.2840079089202701), np.float64(-0.07408749186059109), np.float64(-0.666228763338056), np.float64(-0.2947915795318918), np.float64(0.03330383745085413), np.float64(-0.4150148346923498), np.float64(-0.010731282703020475), np.float64(-0.2060339609674068), np.float64(0.3598036861447155), np.float64(0.475799991027722), np.float64(-0.16378931553048368), np.float64(0.27279456482032893), np.float64(-0.07419523118760671), np.float64(-0.25634757838902555), np.float64(-0.12797313530028437), np.float64(-0.13898077947791398), np.float64(-0.23659017866819262), np.float64(-0.280216979961441), np.float64(0.8210110197994336), np.float64(0.22617049412831752), np.float64(0.21882687435771422), np.float64(0.41107055035298873), np.float64(0.21040068223073055), np.float64(0.07118313540576215), np.float64(-0.2956976474897907), np.float64(0.35699160735785507), np.float64(0.26682714805632135), np.float64(0.7378152556794704), np.float64(0.41664707337221624), np.float64(-0.08810620066451888), np.float64(-0.22650466594603172), np.float64(0.015783672371382146), np.float64(0.7726892368083301), np.float64(-0.2818242354480693), np.float64(0.5846771793665902), np.float64(0.22586265775771927), np.float64(-0.1334331093664184), np.float64(-0.04586082410924885), np.float64(-0.3929499550991501), np.float64(-0.23610924009441003), np.float64(0.061842414052529035), np.float64(-0.48031178250425477), np.float64(-0.12957811111099005), np.float64(0.4020066705244425), np.float64(0.23908639209199922), np.float64(-0.3809549965755794), np.float64(-0.4094421234939454), np.float64(0.31612769611795255), np.float64(-0.1915821104341302), np.float64(-0.6067847787804684), np.float64(0.36851524401533886), np.float64(-0.17064289181361686), np.float64(0.5833585742098757), np.float64(0.24084963239811574), np.float64(-0.5368359111769919)]","[ 3.26117741e+00  1.19562605e+00  2.38096975e+00 -8.33326748e-01
  1.56954822e+00 -7.45931220e-04 -1.63013197e+00 -1.03419864e-02
  1.56517532e+00 -6.57453459e-01  3.60093738e-01  1.55730377e+00
 -1.57094774e+00 -1.58066065e+00 -1.57524940e+00 -1.57299806e+00
  1.04408566e-01  3.03655906e+00 -1.59849115e-01 -2.98135061e+00
  1.58896658e+00  1.58685102e+00 -1.56500018e+00  1.57407728e+00
 -4.33769957e+00 -2.38073598e+00  1.09142788e+00  1.13145195e+00
  2.61034231e+00  5.30115879e+00 -7.91604940e-01  2.13042341e+00
  1.93558375e+00 -1.67734866e+00  5.53373809e+00  4.96313876e+00
  3.14252337e+00 -2.07302349e+00 -1.74039072e+00 -1.65790950e+00
 -1.52100827e+00  1.53604252e+00 -1.60002300e+00  1.60053124e+00
  1.65475855e+00  1.44932582e+00 -4.42113005e+00 -2.51564707e+00]",-1.6752932371964562
"[np.float64(-0.1433106626185112), np.float64(-0.04907209266887543), np.float64(-0.038235327606878054), np.float64(-0.4479846212049189), np.float64(-0.2458325145244965), np.float64(-0.07414534970275517), np.float64(0.2472394062456234), np.float64(0.1401204499310141), np.float64(-0.34598742978894903), np.float64(-0.14229620845991042), np.float64(-0.18299595932719898), np.float64(0.2122618776175587), np.float64(0.11218372859276489), np.float64(-0.2858834698011069), np.float64(-0.02835308394242707), np.float64(0.0704729051497485), np.float64(-0.4956793145633256), np.float64(0.2463229925492066), np.float64(0.16143199083313137), np.float64(-0.23151370230579313), np.float64(-0.017091108939330822), np.float64(0.5039110327566662), np.float64(0.2593395717357104), np.float64(0.20590009062827377), np.float64(-0.016029937368799548), np.float64(-0.43097099855721754), np.float64(-0.36633271632771647), np.float64(-0.37773209148242526), np.float64(-0.24660118407131987), np.float64(-0.10508552012177004), np.float64(-0.5013683767030163), np.float64(-0.06081353487547785), np.float64(-0.251478859674321), np.float64(-0.16152031661299618), np.float64(-0.2955676019591178), np.float64(0.27998974063520293), np.float64(0.237231768534435), np.float64(-0.29964695303105265), np.float64(0.06824237808006008), np.float64(0.346097435093991), np.float64(0.2180465518155133), np.float64(-0.05386817495114109), np.float64(-0.042222763487367185), np.float64(-0.15564755142477435), np.float64(-0.3577026360002025), np.float64(0.09967911190259932), np.float64(-0.0834345590060162), np.float64(-0.07446444456130691), np.float64(-0.12444669230946082), np.float64(0.07148753882273541), np.float64(-0.3012570220491601), np.float64(0.16150710591141212), np.float64(0.20645727927524749), np.float64(-0.1310223307722263), np.float64(-0.024920710399846897), np.float64(0.2791079892709411), np.float64(0.06618299086512343), np.float64(0.1679322158857022), np.float64(-0.4874868667195174), np.float64(0.034849504382554984), np.float64(0.19087587822862304), np.float64(0.00496844000782339), np.float64(-0.13438109233308682), np.float64(-0.175158672404749), np.float64(0.10783162331523653), np.float64(0.47632887163465776)]","[ 2.48937954  1.64626434 -1.84033715 -2.11797247 -0.59960022 -2.77477013
 -2.53777525 -2.77025336  0.41757729  0.73332602 -2.31645809  1.54653358
  1.6143563   2.64473696  1.05484737 -1.41797489 -4.67261973 -1.58391301
  1.57169062  1.56930514 -1.56602064 -1.57327299 -1.56932864 -1.56788951
 -0.19174796  1.0941329  -1.59730245 -1.73399058 -1.64002053 -1.4778434
  1.54362739 -4.60960437  1.42374005 -1.60229007 -1.51486211 -1.59485548
  1.57476313  1.61837461 -1.53446556 -1.56430694  1.56240524 -1.58687539
  1.56682184 -1.57749384 -1.66124418 -1.74712078 -1.56561933 -1.56700489]",-2.438868085062495
"[np.float64(-0.5218660546878762), np.float64(0.1783122217209122), np.float64(-0.0007150803179414118), np.float64(0.11529160027284593), np.float64(-0.27600489197105976), np.float64(0.03360385069272461), np.float64(0.08016301600004754), np.float64(0.5109394722592933), np.float64(0.1438921606700942), np.float64(-0.5420954315856064), np.float64(0.008483220574401748), np.float64(-0.07558711221051555), np.float64(0.36415288292723746), np.float64(0.04060424740271099), np.float64(0.08460559008508654), np.float64(-0.11366108914254255), np.float64(-0.1654617037846717), np.float64(-0.3560708766214832), np.float64(-0.0212680527569032), np.float64(0.18232236091702259), np.float64(0.06824640735295726), np.float64(0.06870058150417392), np.float64(0.2841889084606299), np.float64(-0.1301384747267827), np.float64(-0.3290118393883703), np.float64(0.04467125403936425), np.float64(-0.1344840313068023), np.float64(0.047819395011656156), np.float64(-0.013172153254933133), np.float64(0.4425771111979156), np.float64(-0.5277673752307438), np.float64(0.225016145438074), np.float64(-0.46565260413271314), np.float64(-0.19473599275396247), np.float64(0.08106900380711486), np.float64(0.10937866862557158), np.float64(0.18385411203574092), np.float64(-0.02237272970777111), np.float64(0.23864666993964254), np.float64(-0.217172451198166), np.float64(-0.06583913955618319), np.float64(-0.18988887138323368), np.float64(0.05698679023152624), np.float64(-0.12652825837320955), np.float64(-0.18262370157750857), np.float64(-0.004733667162617159), np.float64(-0.16891992252977236), np.float64(-0.1855697109217199), np.float64(-0.1385876272696969), np.float64(0.056668026964680644), np.float64(0.17944647476788234), np.float64(-0.15203529125184462), np.float64(-0.3197685959258934), np.float64(-0.1214517737568852), np.float64(-0.012443393929309116), np.float64(-0.057241871201277716), np.float64(0.009123979288379557), np.float64(-0.19810309062598008), np.float64(-0.3410632603241794), np.float64(0.16901388837039502), np.float64(-0.37446535703984746), np.float64(-0.05990987406063232), np.float64(0.053080293297244646), np.float64(0.08397999240743606), np.float64(0.14430752035707775), np.float64(-0.3471802177831491)]","[ 2.31978847e-01 -1.09058622e-06 -4.95556591e-02 -2.79391636e-01
  2.68473638e+00 -2.24620764e+00 -4.72738568e-01  9.62024381e-01
 -3.00640903e-01  9.47353947e-01  1.63364817e+00 -4.71242623e+00
  1.54139002e+00 -1.56867077e+00  1.57079085e+00 -1.57081674e+00
  1.57078322e+00  1.57078046e+00 -1.57078658e+00  1.57081038e+00
  4.71235210e+00 -1.57078572e+00 -1.57080346e+00 -3.36958951e+00
  1.57079701e+00  1.55391350e+00  1.59058745e+00  1.57677773e+00
  1.55237843e+00  1.56871514e+00 -1.57688309e+00  1.56915262e+00
 -1.58311150e+00 -2.02488473e+00  5.12673304e-01  3.14159641e+00
 -1.57079668e+00  1.40028718e+00 -1.61387020e+00 -1.59468610e+00
  1.46028655e+00 -1.48970275e+00 -1.64494397e+00  1.72337682e+00
 -1.21931123e+00  3.39553780e+00  1.60202160e+00  1.43360475e+00]",-8.758603313623059
"[np.float64(0.25983070975375605), np.float64(-0.18153803964505752), np.float64(0.07900850527781149), np.float64(0.08396343404391263), np.float64(-0.646309185308805), np.float64(-0.33317366655360187), np.float64(-0.11140829060230477), np.float64(-0.02266551926904686), np.float64(0.44261684968292203), np.float64(0.37713035697106123), np.float64(0.2533195777657721), np.float64(0.3564775049564459), np.float64(0.0974262054413738), np.float64(0.00904077649812216), np.float64(0.1391976244886251), np.float64(0.004374701785350583), np.float64(0.03930708931150937), np.float64(0.33388099027062684), np.float64(0.027528024829666507), np.float64(-0.6468636369761743), np.float64(0.030147194652144254), np.float64(-0.2792412434359267), np.float64(-0.41040235652174895), np.float64(0.20386861165727047), np.float64(0.40467152816970825), np.float64(-0.3272246027537495), np.float64(0.14345393839686366), np.float64(-0.12407223401965063), np.float64(0.33645736776152185), np.float64(0.08766151225067842), np.float64(0.25200954432626493), np.float64(0.30470586728973215), np.float64(-0.008510166558270716), np.float64(0.2065258326871017), np.float64(0.36767497197329024), np.float64(0.11224872678759298), np.float64(-0.1927614920857541), np.float64(-0.052355712029584875), np.float64(-0.1944236752738566), np.float64(0.3908611535107696), np.float64(0.5453183216097627), np.float64(0.14515216511402226), np.float64(0.02183965221997793), np.float64(0.23958989876379286), np.float64(-0.08399024592120717), np.float64(-0.06809361835608368), np.float64(-0.4202739157291453), np.float64(-0.2834156580282228), np.float64(-0.03908166273731214), np.float64(0.20723835063707094), np.float64(0.10782183334908488), np.float64(-0.11904801203164812), np.float64(0.2760160478513195), np.float64(0.016536063837093624), np.float64(-0.11844602308879038), np.float64(-0.2846396302807964), np.float64(0.19076807210140867), np.float64(0.1353390455102763), np.float64(0.08690482863156548), np.float64(0.1681782471224469), np.float64(-0.5763164060356009), np.float64(0.04554442230686108), np.float64(-0.11866556118189629), np.float64(-0.06219923424982639), np.float64(0.5119179544312338), np.float64(0.1673417055608149)]","[ 0.08582427  1.34722996  3.11159891 -0.1756184  -3.10797889 -0.14221095
  3.10462287 -0.0700937   0.07242729 -0.054511    3.09982972 -2.35276947
 -1.75639412 -1.56719269  1.56687757  1.57587856  1.55248422  1.56682132
  1.57290637  1.57133674 -1.57701926 -1.58119191  1.57889059 -1.58984576
 -2.86921819  1.6545713   0.96071119 -1.40405449  4.46670744 -1.24189446
  1.60465101 -0.98846529  1.66457398  1.3335114   1.66729215  0.17969445
  1.57183122  1.49310812  1.5338888   1.75734295 -1.50482607 -1.51459484
 -1.6107023  -1.5164446  -1.51288147 -1.4966682  -1.62542365  1.93189123]",-2.6144311370317155
"[np.float64(-0.22616149971773053), np.float64(0.38954504720921557), np.float64(-0.24585150263211328), np.float64(0.16700408309891276), np.float64(-0.2622397823063656), np.float64(0.03522635383695605), np.float64(0.32467026115863235), np.float64(-0.3151071419940967), np.float64(-0.03171431812862894), np.float64(-0.27528214931883965), np.float64(0.07873265805028816), np.float64(-0.06110318724310646), np.float64(-0.06677317527694093), np.float64(-0.004190028932051186), np.float64(-0.4306329157810017), np.float64(0.17281353669522756), np.float64(0.6056865781828966), np.float64(-0.19087974433214558), np.float64(0.13451730967897008), np.float64(-0.38996035547272034), np.float64(-0.39338584430544865), np.float64(0.061373601788128174), np.float64(0.13925900303774125), np.float64(-0.18904177113211276), np.float64(0.1268460403457535), np.float64(0.1834517123291725), np.float64(0.05068948818050936), np.float64(0.09315824770765324), np.float64(-0.14812758156877304), np.float64(0.36602762057705746), np.float64(-0.7966485526972302), np.float64(-0.21199410860085613), np.float64(-0.632472331317115), np.float64(0.20390307791250767), np.float64(-0.4575552447219414), np.float64(0.20330118611168915), np.float64(0.07104815051433261), np.float64(-0.2021577546576741), np.float64(-0.2588725240113012), np.float64(-0.045589818153509605), np.float64(0.08410842481973956), np.float64(-0.007201913243916641), np.float64(-0.4848948933617679), np.float64(0.02298442162517443), np.float64(-0.06319611222701617), np.float64(0.6090144054755594), np.float64(-0.19165724212626534), np.float64(-0.2991431973762244), np.float64(0.25969345429889423), np.float64(-0.11603582070197112), np.float64(0.07212434622885944), np.float64(0.14629856427351998), np.float64(-0.45718913387027366), np.float64(-0.0504705210479054), np.float64(0.11271939555018722), np.float64(0.04054996476528748), np.float64(0.39308487966326444), np.float64(0.3577949490906909), np.float64(-0.24345795537293802), np.float64(-0.25991413614274295), np.float64(-0.0031344279007101167), np.float64(-0.21689574548385965), np.float64(0.24334580076823473), np.float64(0.14893009040641778), np.float64(0.0590701629216992), np.float64(-0.29465751348866787)]","[ 0.47744312 -1.0300313  -0.89922202 -1.38715969  0.08565771  1.57944157
  3.43724057  1.22849863 -0.05661041  1.88255116  2.16213407  1.57205882
  1.56995994 -1.56211246  1.57296819  1.73486322  1.40611628 -1.55462287
  1.55911678  1.5536446  -1.58287604  1.57421734 -1.57248804 -1.56971533
 -2.58826038 -2.34538051 -2.34470112 -3.09538202  1.23560574  2.2661197
 -1.86362061 -1.53312563  2.05572695  1.65295757  1.62327779 -0.02849116
  1.56649119  1.66817277 -2.06770753  0.63025055 -2.04109427 -1.32070991
  1.55212565  1.58669777  1.56867147  1.5745664   1.56767351 -4.71250044]",-1.980061283354189
"[np.float64(-0.4536040771099207), np.float64(-0.3107775469765763), np.float64(-0.12732606481419104), np.float64(-0.07292608578076668), np.float64(0.5225283074572395), np.float64(-0.6400754575008671), np.float64(-0.09744624338853537), np.float64(0.2349471188205048), np.float64(0.5075072924675248), np.float64(0.2504167867376098), np.float64(-0.21612878121776682), np.float64(0.22957579699321135), np.float64(-0.5832967895673756), np.float64(0.024985141164003657), np.float64(0.31143188869939725), np.float64(-0.09905577306820872), np.float64(-0.16428374852159275), np.float64(0.40066215210401873), np.float64(-0.19344737984784094), np.float64(0.019212130397049172), np.float64(0.10962365133333132), np.float64(-0.26363319610179714), np.float64(-0.23307952640443586), np.float64(-0.45375529195183323), np.float64(-0.17073305780959488), np.float64(-0.6908110645589411), np.float64(0.00717919952791958), np.float64(-0.033479680335725466), np.float64(-0.03864635816238711), np.float64(-0.9181779549132466), np.float64(0.09224913700773145), np.float64(0.07441063766112911), np.float64(-0.2810600040020947), np.float64(-0.10306763964063975), np.float64(-0.2090450373561498), np.float64(-0.30590282799751006), np.float64(-0.019154127070980055), np.float64(0.5426674507506438), np.float64(0.16135943547207104), np.float64(-0.32128303313003653), np.float64(-0.28853756749349657), np.float64(0.002929835744270322), np.float64(0.3847275326272347), np.float64(0.06170846550371481), np.float64(-0.3071706488844616), np.float64(0.4801984670346585), np.float64(-0.05142777598855449), np.float64(-0.46758322527120455), np.float64(0.11574095916043615), np.float64(0.21758057571515904), np.float64(-0.20141920487740686), np.float64(-0.07550203355391474), np.float64(-0.22813524917560074), np.float64(-0.4300033243787091), np.float64(-0.20225332901449963), np.float64(-0.17896811374424207), np.float64(0.3135025797403592), np.float64(0.01052854188129406), np.float64(0.1471237946962801), np.float64(0.30409274228458505), np.float64(-0.14008463404142432), np.float64(-0.02250124669890275), np.float64(-0.25123750284777213), np.float64(-0.3533736259216281), np.float64(-0.042260199231400696), np.float64(-0.7108511830335879)]","[-0.56563729  3.34264538  3.18457571  3.05461093  3.44874127 -1.39088992
 -1.10385855 -2.0023214   0.90937582  2.38562502 -0.76397202  1.68230824
  1.55632346  1.5695167  -1.58156912  1.58471136 -1.51706963 -2.03138029
 -1.90268659 -1.75644965 -1.45350219  1.63489356 -1.59131918  1.57079105
 -2.27376344 -1.37099655  1.52128286  1.27094966 -0.42979003 -1.77690861
 -1.4471633   4.728914   -1.49772927 -1.61185321 -1.44708552 -1.51403687
 -1.5677406   1.57504331  1.56848691  1.57479169  1.55397607 -1.60097144
 -1.59231663  1.59720003 -1.53864183 -1.56121243 -1.54038672  1.55884455]",-2.179216490196268
"[np.float64(-0.4815774218414018), np.float64(-0.07422524879251151), np.float64(0.16449702097134364), np.float64(-0.040935483516670194), np.float64(0.12622221988428872), np.float64(0.5233914531857073), np.float64(0.028162739758190218), np.float64(-0.46971550325139966), np.float64(-0.0113644213105188), np.float64(-0.19321294539121622), np.float64(-0.639523095634161), np.float64(-0.10468983746609624), np.float64(-0.16951442373110054), np.float64(-0.19040120493631832), np.float64(0.06972380573614224), np.float64(-0.46974103027408476), np.float64(0.4737742833592837), np.float64(0.19073999250939822), np.float64(-0.20090224963934367), np.float64(-0.36964428626453033), np.float64(0.4019140390012232), np.float64(0.18528404079477237), np.float64(-0.3165598508045681), np.float64(0.19228314521608209), np.float64(0.5562792224614865), np.float64(-0.26929303370526836), np.float64(-0.26298244589711123), np.float64(-0.26264237146536945), np.float64(0.7559350927696497), np.float64(-0.02140002577968498), np.float64(0.28633622193633373), np.float64(0.2410774487068994), np.float64(-0.5433162452957639), np.float64(-0.19361097021861223), np.float64(-0.1335298831599617), np.float64(0.1812015930675549), np.float64(0.5012947515114193), np.float64(0.14251252478026005), np.float64(0.22878524260251237), np.float64(-0.09289573146924847), np.float64(0.18550105612128875), np.float64(0.03559119864704177), np.float64(-0.031977479670033476), np.float64(-0.2701696866663328), np.float64(0.2746603847526467), np.float64(-0.20978914968012066), np.float64(-0.10903286494948615), np.float64(0.07023697318751974), np.float64(0.3271006921490927), np.float64(0.1393633734983451), np.float64(0.20190686656375034), np.float64(-0.06554803545769115), np.float64(0.19359859036360375), np.float64(-0.32354723629693616), np.float64(0.16638533917253676), np.float64(0.24997464147392365), np.float64(-0.11872502050629351), np.float64(-0.2687207583555644), np.float64(0.005776428919795126), np.float64(-0.12139584182805206), np.float64(0.09879276286873555), np.float64(0.16285686032246346), np.float64(-0.011628062979401329), np.float64(-0.07119004675543669), np.float64(-0.04088026725474371), np.float64(-0.08160358602370038)]","[ 9.98114819e-02 -1.23870523e+00 -2.54867474e+00 -9.61607701e-01
 -4.20292090e-01 -6.63047524e-01 -2.49912419e+00 -1.57082960e+00
  1.89069247e-06 -1.57081208e+00  1.17528820e-01 -1.57274716e+00
 -1.57049316e+00 -1.57139952e+00  1.57116971e+00  1.57081172e+00
 -1.57080232e+00  1.57075062e+00 -1.57075814e+00  3.64498118e-01
  3.64508173e-01  1.57082017e+00  1.57079985e+00  1.57057181e+00
 -2.80948125e+00  1.38716669e+00 -7.61062820e-01  2.02236411e+00
 -1.20568260e+00 -9.13851270e-01  2.65773759e+00  1.76946668e+00
 -5.94315105e-02 -1.16505213e+00 -4.56847850e+00  3.14162974e+00
 -1.57081670e+00 -1.51265945e+00  1.54041119e+00 -1.60434826e+00
 -1.60224068e+00  1.59991520e+00  1.49529408e+00  1.51138142e+00
 -1.48346321e+00  1.52328310e+00 -1.62012943e+00 -1.42506384e+00]",-2.1334582069775934
"[np.float64(0.1347462563535375), np.float64(-0.0043575155758386755), np.float64(0.5711141841510105), np.float64(0.05357237808490518), np.float64(0.3132196426372722), np.float64(0.03769342884946879), np.float64(-0.06148532122058301), np.float64(-0.5396229058686739), np.float64(-0.06679178432984144), np.float64(-0.4032013018013202), np.float64(0.03762871012265895), np.float64(-0.33180098808637476), np.float64(0.3542517222065443), np.float64(0.5173402331006374), np.float64(0.24240744487642327), np.float64(0.3326036342114163), np.float64(0.13143092569579437), np.float64(0.19431512792197586), np.float64(0.05619884980369509), np.float64(0.21885231329813512), np.float64(-0.18994343652492984), np.float64(-0.4236395466795342), np.float64(-0.0007866221269433411), np.float64(0.1286794749285431), np.float64(-0.10854265273701179), np.float64(-0.03644344223826005), np.float64(0.03264089685609239), np.float64(0.04646606878658886), np.float64(-0.013302926822331987), np.float64(-0.2616530800871984), np.float64(-0.0658859648320352), np.float64(-0.5544920171381946), np.float64(-0.578041600348927), np.float64(-0.3585357817963407), np.float64(0.3727746190642704), np.float64(0.002507399663506668), np.float64(-0.21395265448853235), np.float64(0.2510138919671004), np.float64(-0.4928481915899464), np.float64(0.2756159352306688), np.float64(0.4739002904885495), np.float64(-0.15087644874799847), np.float64(-0.25349912143863484), np.float64(-0.03983832332082937), np.float64(0.5644235191012993), np.float64(0.17978421970165942), np.float64(0.04406141837554046), np.float64(0.5660289778694291), np.float64(0.456482644935911), np.float64(-0.07239725942996147), np.float64(-0.38083006173309797), np.float64(0.10619506550755799), np.float64(0.07113010935654153), np.float64(0.16622364029298758), np.float64(0.10174736984778489), np.float64(0.41410674939784214), np.float64(-0.29198467361421754), np.float64(-0.16744841582168948), np.float64(-0.15827053837033656), np.float64(-0.19749918856233487), np.float64(-0.12275445792999885), np.float64(-0.1568572007252536), np.float64(-0.3380743137428355), np.float64(0.23884549231680008), np.float64(-0.19889904920531581), np.float64(0.13517048207855228)]","[-0.1084027  -1.5672338   0.4069527   3.17330216  0.60457496 -2.23704876
  2.59864299 -0.76141003 -0.96669869 -3.99951956  4.17183091  4.70177951
 -1.58450974  2.10079774  1.66441217  1.54187853 -1.56782644 -1.58126021
  1.57727218  1.56729228 -1.56997369  1.57066417  1.57047608  1.57334158
 -3.90731692  2.27394437 -1.5111565   1.55571028 -1.45474847  1.59944833
 -1.55184517 -1.51658664 -1.56082167 -1.65483357  1.58613283 -1.55249154
  1.56940144  1.56711592  1.57496642 -1.57723811 -1.5623541  -1.55453168
  1.60303235  1.545007   -1.55306386 -1.55823399  1.53828141 -1.57570174]",-2.368352034784948
"[np.float64(-0.16636132684314597), np.float64(0.13312741666354158), np.float64(-0.05676172898894685), np.float64(-0.20319561681797765), np.float64(0.6817707180474659), np.float64(0.22734539653819372), np.float64(-0.016684884169957115), np.float64(0.08385446655193592), np.float64(0.3598853585356919), np.float64(0.11481663183457813), np.float64(0.0563617774635426), np.float64(-0.02409512483636002), np.float64(0.5145240702884343), np.float64(0.05706636576503969), np.float64(0.05052729998076466), np.float64(-0.024706455976239855), np.float64(0.45149581036751624), np.float64(0.3549784039489903), np.float64(-0.2426533510499636), np.float64(-0.23142133106106258), np.float64(0.5073076509230013), np.float64(0.26965155563582277), np.float64(-0.49033690814833336), np.float64(-0.11171751458755122), np.float64(-0.0827098081655746), np.float64(-0.11293318161670142), np.float64(-0.2565884473567095), np.float64(-0.35490862705237625), np.float64(0.03748776851346462), np.float64(-0.42161214339930453), np.float64(-0.12180144728848723), np.float64(-0.08708907050695719), np.float64(0.3819308798033901), np.float64(0.09375357474740365), np.float64(-0.01890048675629136), np.float64(0.349175733381013), np.float64(0.04842250565808224), np.float64(0.1299296328479242), np.float64(-0.22758229892838805), np.float64(-0.03125274515992605), np.float64(0.004368086877418493), np.float64(0.08049215057471135), np.float64(-0.4215442556148992), np.float64(-0.31136148217813847), np.float64(0.32238659206153497), np.float64(0.1823612576967501), np.float64(-0.2561190624253853), np.float64(-0.05944567942677107), np.float64(-0.13955337394997852), np.float64(0.205149548060507), np.float64(0.40437250579566897), np.float64(-0.22956599848586615), np.float64(-0.5538770839901171), np.float64(-0.04929769935575935), np.float64(0.28457765434109067), np.float64(-0.05922402017387923), np.float64(-0.03830146684983479), np.float64(-0.48844373093123633), np.float64(0.08409794081017831), np.float64(-0.10289463960374809), np.float64(-0.29098132932479853), np.float64(0.22967706005940539), np.float64(0.35698295756906817), np.float64(-0.40036075274072475), np.float64(-0.46086505362917474), np.float64(0.17490193831287307)]","[ 4.01875742e+00 -1.06459864e+00  3.17248236e-01  3.45829221e-01
 -7.37797171e-01  8.71319321e-01 -1.05990112e+00 -1.55098712e+00
 -3.08318132e+00  7.52798720e-01  3.58427106e+00  1.56992675e+00
 -1.56876310e+00 -1.56962869e+00  1.57205360e+00 -1.57301516e+00
 -1.57232062e+00  1.56266970e+00  1.57212474e+00  1.56804154e+00
 -4.71498978e+00 -1.60464286e+00 -1.59295996e+00 -1.57049631e+00
 -1.06376334e+00 -3.45781271e+00 -1.21288323e-01  5.27458868e-01
  2.89425117e-01 -4.74351455e-01 -2.29385443e+00  4.03190396e+00
  1.85229992e+00  1.63766510e+00  1.33222584e+00  4.06699686e+00
 -2.20336535e-03 -2.32870860e-01  3.44905346e+00  1.05686257e+00
  1.87737911e+00  1.41880262e+00  1.64047845e+00  1.53853908e+00
 -1.60809919e+00  1.64550571e+00  1.10865490e+00 -2.30588127e+00]",-1.062498297568709
"[np.float64(0.4066181354533312), np.float64(0.022397263388735805), np.float64(0.31643639202505874), np.float64(0.17058828408322807), np.float64(0.38766598622365694), np.float64(0.5436075714422304), np.float64(-0.46646700238456207), np.float64(-0.3413159587939044), np.float64(0.3433142277280333), np.float64(0.07933881106021011), np.float64(-0.05776425539045522), np.float64(0.43576083941572913), np.float64(-0.6246867255584063), np.float64(0.5301647278981199), np.float64(-0.24680722703805702), np.float64(0.41497674579400273), np.float64(0.4704186855177503), np.float64(-0.15946758738370234), np.float64(-0.3987398517064196), np.float64(-0.2632065260916647), np.float64(0.01939186122554904), np.float64(-0.3535996132161415), np.float64(-0.21934393412918166), np.float64(-0.7365638854533881), np.float64(0.12403533281969685), np.float64(0.030991314664381514), np.float64(0.14458635659635577), np.float64(-0.06138103682738531), np.float64(0.5426754694804117), np.float64(-0.09577468571742423), np.float64(-0.3863075862123952), np.float64(-0.07959326027023139), np.float64(-0.1301011807222383), np.float64(-0.28201723195747), np.float64(0.41063491567395577), np.float64(-0.2397977416540987), np.float64(-0.031688448113325725), np.float64(-0.39699751136017697), np.float64(-0.2766571520822488), np.float64(0.16139412090186703), np.float64(-0.19738393777754298), np.float64(0.07450157706999179), np.float64(0.21747173963670205), np.float64(0.24626622101389842), np.float64(-0.2986400639063656), np.float64(-0.2664105466157343), np.float64(0.3156543485840302), np.float64(-0.1176791361347051), np.float64(0.10046932994802622), np.float64(-0.11910430498704694), np.float64(0.18124288260672322), np.float64(0.012235044531438819), np.float64(-0.12993963828353652), np.float64(-0.3940609291190771), np.float64(0.18960201317231387), np.float64(0.28859046362909846), np.float64(0.20599860365870645), np.float64(-0.009170147928680952), np.float64(-0.19206108849019599), np.float64(0.050459188521134735), np.float64(-0.2169551011571307), np.float64(-0.4844370496604579), np.float64(0.14577519627367574), np.float64(0.0612614090804389), np.float64(-0.7419106150605181), np.float64(0.2512679240731702)]","[-0.08414268 -1.13972617 -1.60637614  1.08523873  1.26902808  0.90657368
 -0.89010654  2.72560217  0.3503288  -0.10084536  0.26970648 -1.52639349
  1.55306075  1.49811446 -4.59425731  4.59644305  1.5048004   1.6595119
 -4.71375971 -1.5745834   1.55269383 -1.59360736  1.53734187 -1.56545547
  0.96500461 -0.75196171  1.21996939  1.14054896 -5.00775913  1.30011869
 -1.43809589  1.03654068 -0.93820973 -0.76891336  0.78469562  1.35904177
  1.54610705 -1.5576506   1.51080239 -1.50258635  4.81670799 -1.5626354
  1.57490371 -1.51616885 -1.60627909 -1.56967736  1.58043142  1.57720246]",-2.3049903937071576
"[np.float64(0.05750326497757776), np.float64(-0.10229871904985606), np.float64(0.18713569509890046), np.float64(-0.05165898882851703), np.float64(0.2777290348607347), np.float64(0.4680759693993554), np.float64(0.17548333625654136), np.float64(0.14599960503465675), np.float64(0.19847201127894945), np.float64(-0.1909408585750254), np.float64(0.6275865477777904), np.float64(-0.11978936821153346), np.float64(0.11069124558054631), np.float64(0.1883606239356201), np.float64(0.03763233688634196), np.float64(0.2305386113315184), np.float64(-0.17460073664788148), np.float64(0.24331756048827366), np.float64(-0.4964855931089371), np.float64(-0.30452808400073), np.float64(-0.0038227590153255926), np.float64(-0.052075616062729715), np.float64(-0.12026923161533583), np.float64(-0.31216440632256587), np.float64(0.23086687529822356), np.float64(0.22154181886944618), np.float64(-0.10617799581225505), np.float64(-0.1587397551133762), np.float64(-0.16409542551988338), np.float64(-0.21936080701416635), np.float64(-0.13716930853045572), np.float64(-0.2560024882589257), np.float64(0.18275520321596597), np.float64(0.5991492929164639), np.float64(-0.3473994847058379), np.float64(0.22712747406214784), np.float64(-0.43390894876596836), np.float64(0.027496291340376396), np.float64(-0.3115992561685478), np.float64(0.039566165742578666), np.float64(-0.233817475444812), np.float64(0.04674541713477893), np.float64(0.05570092988557612), np.float64(-0.10429259422438433), np.float64(0.09826484844057551), np.float64(0.12953807077471774), np.float64(-0.04406510103791808), np.float64(-0.017663558061047493), np.float64(-0.12127631170865028), np.float64(0.3293362085041956), np.float64(0.41797615004658717), np.float64(-0.5055467754456859), np.float64(0.11421285737666735), np.float64(0.18311322176591843), np.float64(0.020819588919310766), np.float64(0.17768466317855458), np.float64(-0.059538934083781095), np.float64(0.17202988783553438), np.float64(0.008505194942576903), np.float64(0.1631438176377786), np.float64(-0.10721912670194686), np.float64(-0.39253441360496816), np.float64(0.00791674551198334), np.float64(0.08234025995594357), np.float64(-0.01795343511016741), np.float64(-0.024715632303414052)]","[ 1.12355983e-02 -3.09122774e+00  6.10762283e-03  3.10817740e-04
  3.15237457e+00 -6.85421761e-03 -6.27614323e+00  3.14357962e+00
  3.13958670e+00  3.14449950e+00  3.13199654e+00  1.03338553e-02
  1.51425844e+00 -1.48087286e+00 -1.55978647e+00  1.53572125e+00
  1.52605834e+00 -1.57756037e+00  1.35338211e+00  1.51606591e+00
  1.73691550e+00 -1.47689458e+00 -1.61586227e+00  1.57356900e+00
  4.74291364e+00  1.31386743e+00  1.68743804e+00  1.50275818e+00
 -1.62072856e+00  1.42929660e+00  1.32687629e+00 -1.65110243e+00
 -1.55577191e+00  1.56072727e+00  1.52283725e+00 -1.55664627e+00
  1.47722637e+00  1.55725926e+00 -1.57066167e+00  1.57228902e+00
  1.54787183e+00  4.74010357e+00  1.56299054e+00  1.57009408e+00
  4.71375828e+00  1.55580673e+00 -1.56834902e+00  1.51092578e+00]",-9.776357224587858
"[np.float64(-0.15876122007396262), np.float64(-0.41417146044407865), np.float64(0.2433495214820275), np.float64(0.20348255580695288), np.float64(-0.08026584787012828), np.float64(-0.20734251140795737), np.float64(0.17535559235372677), np.float64(0.018126937532909112), np.float64(0.07172609929888364), np.float64(0.10125186296640327), np.float64(-0.4546889213636393), np.float64(-0.09392237464809597), np.float64(-0.22419153950444948), np.float64(-0.22297877027572838), np.float64(0.0759900529916116), np.float64(-0.08252546129570831), np.float64(0.1480495026761731), np.float64(-0.2925964094251264), np.float64(0.12333033307648332), np.float64(0.1586463932503337), np.float64(0.2808680415768756), np.float64(0.5786940264672245), np.float64(-0.07723523392160468), np.float64(-0.1320280337069484), np.float64(-0.11194201647710386), np.float64(0.01111299269897638), np.float64(0.06810003091784426), np.float64(0.42125810480673387), np.float64(-0.06959676666158691), np.float64(0.33327839791221525), np.float64(-0.2335965360315286), np.float64(-0.0769585109934176), np.float64(-0.07067289322447366), np.float64(-0.22636640746746114), np.float64(-0.1717278014208292), np.float64(0.017470978488963774), np.float64(0.21049511644161684), np.float64(0.04424280084880985), np.float64(0.21227297829802355), np.float64(-0.4379194443891708), np.float64(0.230456523475886), np.float64(0.5876188926328874), np.float64(0.3423454680785353), np.float64(-0.04034115868804135), np.float64(0.10671966136751965), np.float64(-0.09162547461508859), np.float64(0.2819022419939077), np.float64(0.45158672051368876), np.float64(0.027487044878977168), np.float64(-0.5413036609575576), np.float64(0.008352028282244989), np.float64(0.18910454415744393), np.float64(0.5219278649650752), np.float64(-0.25986924933704286), np.float64(0.3127916290621903), np.float64(-0.32475763554922776), np.float64(-0.0781398497262523), np.float64(-0.016970037403492736), np.float64(-0.08346125489284838), np.float64(-0.07476756091655112), np.float64(0.37012766261083085), np.float64(0.731941294308318), np.float64(0.29185611120148736), np.float64(0.5084981737643564), np.float64(0.013614416786758001), np.float64(-0.21305024337127937)]","[ 2.13379927e+00 -7.98554739e-02  1.57096717e+00  1.49210282e-04
  1.57078477e+00  3.99031196e-01  2.06528481e+00 -1.49462128e-01
  3.41072634e+00 -3.97120863e+00 -1.62637304e-01 -1.57081500e+00
 -1.56940866e+00 -1.56923407e+00 -2.71601911e+00 -2.71584390e+00
 -1.57095002e+00  1.57075658e+00 -1.57065933e+00  1.57091924e+00
  1.57102436e+00  1.57017137e+00  1.57081936e+00  1.57088259e+00
 -1.65736709e+00 -5.91404617e-01  6.90253740e-01 -3.63597477e+00
 -8.54325752e-01 -2.05650991e-01 -2.52224079e+00 -5.29170482e+00
 -1.56815450e-01 -9.61174453e-01  1.70457758e+00 -3.69989178e-02
 -1.57214031e+00  1.49108783e+00  1.54577432e+00  1.65928573e+00
  1.48944357e+00  1.51021498e+00  1.51252287e+00 -1.50771993e+00
 -1.51812568e+00  1.55667627e+00  1.57962702e+00  1.58070605e+00]",-1.781498847961302
"[np.float64(-0.05453886802913206), np.float64(0.31947096111530393), np.float64(-0.40647484554316177), np.float64(0.17107955971814406), np.float64(0.33969896349575945), np.float64(-0.24711633732532395), np.float64(0.18814988697292523), np.float64(-0.11986735195165711), np.float64(0.142492991478715), np.float64(-0.023612048727994647), np.float64(-0.11456212636903626), np.float64(0.06243177491292377), np.float64(-0.6786561960872689), np.float64(0.17539510678569428), np.float64(0.49985225537625216), np.float64(-0.4452644494414432), np.float64(0.14929784470985644), np.float64(-0.3444332040501122), np.float64(0.06902492189054346), np.float64(-0.09994979565875015), np.float64(-0.10302308175344567), np.float64(0.1576947520969473), np.float64(0.03257900988759654), np.float64(-0.3486909800673089), np.float64(0.2727466242904818), np.float64(0.002692681390451981), np.float64(0.19007988357398134), np.float64(-0.17330782681479687), np.float64(0.007637472774851299), np.float64(-0.06666867900773343), np.float64(0.17497884582261378), np.float64(0.39401280449838827), np.float64(-0.16170389339600563), np.float64(0.5680271186008706), np.float64(-0.42203221644963407), np.float64(0.4027415297709989), np.float64(-0.12571766327702327), np.float64(-0.23845989311813667), np.float64(0.33728558135778625), np.float64(0.20820299788742097), np.float64(0.5953835286694947), np.float64(-0.0592918854442911), np.float64(-0.17337105253945218), np.float64(0.094082350622981), np.float64(-0.2228950515166055), np.float64(-0.5203061739522145), np.float64(0.3731176807205421), np.float64(-0.12316100784184925), np.float64(0.21014586601766994), np.float64(0.27120464328023897), np.float64(-0.18204413822920135), np.float64(-0.4565575443396802), np.float64(-0.671736746756855), np.float64(0.19885207542043196), np.float64(-0.391445316091177), np.float64(-0.232642438449637), np.float64(-0.14614949429090676), np.float64(0.27386757029236214), np.float64(0.11894377962726213), np.float64(0.07823127124099359), np.float64(0.15326094510604807), np.float64(0.5647523171970352), np.float64(0.5920028319363881), np.float64(0.1984897256603247), np.float64(0.24961346543395735), np.float64(0.14192000555255216)]","[-4.71137894e+00 -1.57071305e+00  1.58108038e+00 -1.60126565e+00
  1.39474507e+00 -2.00627317e+00 -2.50763856e+00  2.00984498e+00
 -6.74807695e-01  7.39169283e-01  1.18511797e+00 -1.56815955e+00
 -8.29549203e-03  2.77111798e+00  2.89395680e+00  1.23403692e-01
 -2.78132006e+00  2.62526330e+00  2.66354699e+00 -1.30880274e+00
 -4.34905360e+00 -2.50391110e+00  1.07943925e-01 -2.83264601e-04
 -1.56907184e+00  1.56993303e+00 -1.57228968e+00  1.56703856e+00
 -1.55793373e+00  1.57350942e+00 -1.54965020e+00 -1.54539445e+00
 -1.69508717e+00  1.35638268e+00  1.99244451e+00  1.57302795e+00
 -1.19979583e+00 -1.72047952e+00 -1.80977222e+00  2.18600719e+00
 -2.94238030e+00  2.90708683e+00 -1.77029417e+00 -1.91372779e+00
 -2.52349905e+00  2.16196349e-01 -3.31871111e-01  7.02360712e-01]",-1.4467849259544892
"[np.float64(0.540010067397093), np.float64(0.11076551082554015), np.float64(-0.09097582597181238), np.float64(-0.19043565177994198), np.float64(-0.05139795345071437), np.float64(-0.24732965908492718), np.float64(-0.15976051702116473), np.float64(0.2505806630008561), np.float64(-0.08635873912841355), np.float64(0.08740946152042324), np.float64(-0.9096917737238308), np.float64(-0.015724405629602808), np.float64(0.3714949889805045), np.float64(0.35510087533226037), np.float64(0.17669905861535629), np.float64(0.14123174515352943), np.float64(0.19062812541144963), np.float64(0.6740531866442147), np.float64(0.39685807171729826), np.float64(-0.7595500479881008), np.float64(0.18087289290619757), np.float64(-0.010128956304946087), np.float64(0.20697927910710792), np.float64(0.12386950611774152), np.float64(-0.04709240929643038), np.float64(0.25700451019715337), np.float64(-0.0028192896993066443), np.float64(0.36865269824239827), np.float64(0.0044530759765769486), np.float64(-0.6551380070628613), np.float64(-0.06204440536508824), np.float64(-0.3395441374752925), np.float64(-0.1723369017173166), np.float64(-0.4710233522639676), np.float64(0.6888094207038642), np.float64(-0.37781704067227884), np.float64(-0.3533604594962973), np.float64(0.2287200194144048), np.float64(-0.49530408608717497), np.float64(-0.09340147523882707), np.float64(0.2737766412735765), np.float64(0.4732236797603353), np.float64(-0.13399923542332676), np.float64(0.26413850350307866), np.float64(0.13329642932242788), np.float64(-0.11839726524697965), np.float64(0.27425642564742303), np.float64(0.45288125002226987), np.float64(0.3761404330832976), np.float64(-0.499772423632344), np.float64(0.36323787859049844), np.float64(-0.07298727546497764), np.float64(-0.24205321699140456), np.float64(0.04555185566893717), np.float64(-0.07687718791236259), np.float64(-0.3627326283561719), np.float64(0.05311045305211729), np.float64(-0.14000451869277672), np.float64(-0.15729598720638996), np.float64(-0.3340102650936687), np.float64(0.39754023391721127), np.float64(-0.28381535750743947), np.float64(0.48264020660531204), np.float64(0.1831698096232218), np.float64(-0.10687924356524875), np.float64(0.08437988194885089)]","[-1.57445874  1.56371327 -1.57868931  2.00749445 -4.36734652 -1.04426813
  2.36059348  0.41365148 -0.29212182 -2.19248363  2.07717035 -1.56620058
 -0.4303483  -0.80235743 -2.69998854  2.15486985 -2.55615831  0.56978851
  0.20111944  4.3885382  -1.5566689  -0.88803954 -0.283012    0.01101351
  1.56129516 -1.59167368 -1.55097753  1.57226074 -1.56575103 -1.56641229
 -1.57744228 -1.59032453  4.75076276  1.71171484  1.17072431  1.57847735
  2.3638909   2.52151552  1.70903352  0.30069672  2.69005717  2.96952106
  1.9086803  -1.60418608 -0.83466447 -3.3053374   0.77957687  2.54060706]",-1.1833187420379545
"[np.float64(0.1831309305558869), np.float64(-0.34180942155822164), np.float64(-0.08472633156073296), np.float64(0.07535395558563708), np.float64(0.20602909341712994), np.float64(0.19641496259182378), np.float64(-0.6839701888105719), np.float64(-0.05482551323509775), np.float64(0.3447157204291777), np.float64(0.3657855682360144), np.float64(-0.059388043884066904), np.float64(0.19609074971382054), np.float64(-0.19297553633512368), np.float64(0.06066951417461776), np.float64(-0.08242907878012042), np.float64(-0.154387749920788), np.float64(0.21076713021901378), np.float64(-0.3640099144101493), np.float64(0.02306902362864544), np.float64(0.0017046844686366164), np.float64(-0.2081069451034952), np.float64(0.244083908353915), np.float64(-0.08994650278151947), np.float64(-0.4249128154437191), np.float64(0.4664067720242442), np.float64(-0.15886762037998475), np.float64(0.07964443361545401), np.float64(-0.11007226768513656), np.float64(-0.20912845766041102), np.float64(0.27804909894371915), np.float64(-0.16221112198093335), np.float64(0.45470133561873416), np.float64(0.15783302369163907), np.float64(-0.30782045340779846), np.float64(0.023954106280918878), np.float64(-0.5213211668371261), np.float64(0.05232201630383373), np.float64(0.2619046855192542), np.float64(0.21737609522476461), np.float64(0.12663339864551515), np.float64(-0.05977763478655961), np.float64(0.14245128880721566), np.float64(0.027037133851097652), np.float64(0.20464261378356705), np.float64(0.0935491300585953), np.float64(-0.41108197024248905), np.float64(0.13546841805868773), np.float64(0.5519360651299966), np.float64(0.016985057656280327), np.float64(0.1405191007511), np.float64(-0.020638447843755833), np.float64(0.044657130371890834), np.float64(0.18016552912487405), np.float64(-0.04198087791290853), np.float64(-0.11330017040177649), np.float64(0.4997543969858318), np.float64(0.07956245557286049), np.float64(0.05491372923559827), np.float64(0.519860138159134), np.float64(-0.14797705517327933), np.float64(0.14943271168385494), np.float64(0.0694561387489457), np.float64(-0.1649128269730984), np.float64(0.20700876856462364), np.float64(0.38070304351239553), np.float64(-0.21322750186516287)]","[ 1.14878030e+00 -1.57060415e+00  9.39480169e-02  2.21004940e-01
 -3.25653880e+00  1.05597223e-01 -2.79471042e+00 -1.70251012e-01
  2.96904771e+00  3.08383987e-02  3.25490099e+00 -6.00437432e+00
 -1.78308773e+00 -1.57079697e+00 -1.57080567e+00 -1.57076967e+00
 -1.57083860e+00  1.57081963e+00  1.57080308e+00 -1.57071052e+00
 -1.57076546e+00  1.57084982e+00 -1.57084204e+00  1.57077550e+00
 -7.24066579e-04 -1.67637714e+00 -1.53377368e+00 -1.54218428e+00
  1.71205769e+00 -1.74890451e+00  1.78459385e+00 -1.47610729e+00
 -4.78738116e+00 -1.61862812e+00  1.89069178e+00 -5.86442886e-04
 -1.57083134e+00  1.68586904e+00 -1.47186781e+00 -1.63663399e+00
 -4.68660001e+00  1.50857560e+00 -1.70640432e+00 -1.65560863e+00
  1.51344550e+00 -1.62474545e+00  3.83874823e+00 -3.14088750e-01]",-2.6603336066118572
"[np.float64(0.24809092763165874), np.float64(0.39465377631599835), np.float64(0.39538431290973736), np.float64(0.2642369507310585), np.float64(-0.052483951720770555), np.float64(-0.07366921057319911), np.float64(-0.05218568619523127), np.float64(-0.023535845545294972), np.float64(-0.5129729629959955), np.float64(-0.5525055212225681), np.float64(0.39518030331983556), np.float64(-0.27120726382256866), np.float64(-0.3197397697463514), np.float64(-0.12013407604879721), np.float64(-0.15567464337730952), np.float64(-0.19098384080479425), np.float64(-0.1426578386291681), np.float64(-0.09651563926310161), np.float64(-0.18125933682073228), np.float64(0.10279612563983252), np.float64(0.04197579158267065), np.float64(0.44888881007938347), np.float64(0.4621988565417001), np.float64(0.7105980010362125), np.float64(-0.24825945150006493), np.float64(-0.23566879230591142), np.float64(-0.4178870614745097), np.float64(0.03991401514444976), np.float64(-0.3653299583955742), np.float64(0.2601666602237866), np.float64(0.43536255653704364), np.float64(0.11387424522709161), np.float64(0.038057737001725045), np.float64(0.2910963436191693), np.float64(0.17812626680938828), np.float64(-0.05275974955527512), np.float64(0.007258764460172177), np.float64(0.048662488343551254), np.float64(-0.24923374942647847), np.float64(0.05644947320649748), np.float64(0.6502685973564231), np.float64(-0.05530347776876439), np.float64(-0.09977064610847525), np.float64(0.33565409650937067), np.float64(0.08359475533284427), np.float64(0.1397237435303063), np.float64(-0.3831840397682628), np.float64(-0.07947469417000036), np.float64(0.03509885974094634), np.float64(-0.39639988533535425), np.float64(0.4343973302354144), np.float64(0.4393425340565147), np.float64(-0.3450388060612556), np.float64(-0.28040299237029725), np.float64(-0.6577441284123627), np.float64(-0.24382928890157732), np.float64(-0.1281074681290245), np.float64(0.6679067010999683), np.float64(0.01799432521231785), np.float64(0.013077563821645636), np.float64(-0.08265709497700037), np.float64(-0.5089141717084835), np.float64(-0.09864442519394803), np.float64(0.343394177897099), np.float64(0.2772791530381), np.float64(0.09059824174846184)]","[ 0.83858385  3.40599216  0.29596188  3.37841625  3.19826886  3.34549819
 -3.25948071  0.17568497 -3.4738125  -2.89559658  2.3934591   1.66891491
 -1.59096671 -1.56153398  1.56937339 -1.56905246  1.57014921  1.57247222
  1.56286912 -1.55744458  1.56137599  1.58738089  4.70618236 -1.20536336
 -1.24418049  1.07282045 -1.00209271 -1.72686043 -1.2768498   1.68225713
 -1.86412047  4.8586041  -1.90135201 -0.64851219  0.46165064  3.20063741
  1.56130001 -1.64192429  1.63688402 -1.54523979 -1.58063843  1.40869478
  1.65528708 -1.45187013 -1.46913791  1.59100897 -1.64721183 -1.66178471]",-2.691519392882583
"[np.float64(-0.16161986084907504), np.float64(0.38602236228708253), np.float64(0.12652950150790498), np.float64(0.05205084084270353), np.float64(-0.22861283092971793), np.float64(-0.1787819767588538), np.float64(-0.4449409101992442), np.float64(-0.1262298114162555), np.float64(0.3886338644351374), np.float64(-0.40646364557347053), np.float64(0.23379794599323567), np.float64(0.39493944876471143), np.float64(-0.7370102599723988), np.float64(-0.034999105380096984), np.float64(-0.1601336686212006), np.float64(0.16257397930224246), np.float64(0.035475111693977386), np.float64(0.010503988852127036), np.float64(0.4312728735369139), np.float64(0.09245265220162033), np.float64(-0.1894159101134524), np.float64(-0.16536225731412413), np.float64(-0.432548712893741), np.float64(0.2042516757828578), np.float64(-0.35260021484310805), np.float64(-0.016889037263362622), np.float64(0.10126903821635315), np.float64(0.09908757097804131), np.float64(-0.19381901465575468), np.float64(-0.16075912499247566), np.float64(0.6554715351380394), np.float64(-0.20389502706556867), np.float64(0.17158860316957422), np.float64(0.24282437504814075), np.float64(0.43565059171712195), np.float64(-0.17606847213442778), np.float64(-0.11517354196005608), np.float64(-0.3158939718481115), np.float64(-0.7643680531069665), np.float64(0.1550148374118822), np.float64(-0.08743347854517959), np.float64(0.4623724174575995), np.float64(-0.008690303109926682), np.float64(-0.14613276636941525), np.float64(0.24473706076207855), np.float64(-0.16779451700848858), np.float64(-0.45628228889056804), np.float64(0.15700578793064296), np.float64(-0.4148324127511094), np.float64(-0.01785014293490544), np.float64(-0.15806002208289854), np.float64(0.08697195164586091), np.float64(-0.1478412816695974), np.float64(0.07413534722092663), np.float64(0.6414544644807012), np.float64(0.02219861101844388), np.float64(0.0401205395723116), np.float64(-0.036075193144974795), np.float64(-0.3240226308881453), np.float64(0.0661216684265241), np.float64(-0.035734145036137636), np.float64(-0.06588495039378829), np.float64(0.14385191580072296), np.float64(0.311223352894513), np.float64(-0.1429126156388559), np.float64(-0.24801823125479225)]","[ 1.56885563e+00 -1.57085688e+00  1.57073861e+00  1.26490644e+00
  6.06734183e-01  1.11198766e-01  2.23631179e+00 -4.94798861e-01
 -2.03411461e+00  1.67982258e+00  1.55897360e+00 -1.57169552e+00
  3.32686135e+00 -8.73763149e-01  9.74737915e-01  1.42434247e+00
 -2.78179376e+00  1.81719026e+00  1.80727245e+00  1.36313085e+00
 -6.30546853e-01  3.15227605e+00 -3.12322897e+00 -7.45552783e-04
 -1.57242412e+00 -1.57206016e+00  1.56761978e+00 -1.56239823e+00
  1.59261551e+00 -4.70501458e+00  1.58323448e+00  5.39853701e+00
  2.62169521e+00  1.04727342e+00 -1.39931634e+00  1.57236979e+00
  6.96849775e-01  1.10654804e+00  1.68252872e+00  3.65346057e-01
 -1.33511849e+00  1.46893724e+00  1.56276801e+00  3.22974752e+00
  1.92030899e+00 -1.57624009e+00 -1.55745180e+00 -1.63077471e+00]",-1.3290970961484163
"[np.float64(0.2598232085404223), np.float64(-0.732964854034739), np.float64(-0.06976739747833907), np.float64(-0.0016914170406232259), np.float64(0.10978788411344535), np.float64(-0.3214363271086523), np.float64(-0.1492686336906286), np.float64(-0.48396299069991683), np.float64(-0.12068837856135024), np.float64(0.09712116163753866), np.float64(0.0016644689540164955), np.float64(0.3853872570090811), np.float64(0.4820636770945352), np.float64(-0.13951147550123652), np.float64(-0.2386584314275891), np.float64(-0.23004539506958344), np.float64(-0.17163067510607724), np.float64(0.12225320257981548), np.float64(-0.15806624007207173), np.float64(0.46222370868966084), np.float64(0.711418077819371), np.float64(0.30246470362023314), np.float64(-0.11058007319947523), np.float64(-0.11015609737617142), np.float64(0.14816129877014086), np.float64(0.20915517692444857), np.float64(-0.030752727679156832), np.float64(0.4965971389659861), np.float64(0.2578572989011178), np.float64(-0.012046750327239612), np.float64(-0.7437442741277931), np.float64(0.426494919517159), np.float64(-0.121294329264978), np.float64(-0.04873360007005406), np.float64(0.08007831738813127), np.float64(0.21294561494135772), np.float64(0.28232418775029544), np.float64(0.4619347699549206), np.float64(-0.19017862846758343), np.float64(-0.48354743678056167), np.float64(0.17960436633331509), np.float64(-0.26293005589012397), np.float64(-0.060695107122156394), np.float64(0.18635510698096205), np.float64(0.16692730852862772), np.float64(-0.632297580282662), np.float64(-0.6424456155837761), np.float64(-0.09697861353256035), np.float64(-0.13196080296540663), np.float64(-0.35870030349367255), np.float64(-0.5409722896098875), np.float64(0.014993622014060728), np.float64(-0.1968614013834343), np.float64(0.0055667142931127775), np.float64(-0.15845060624830135), np.float64(-0.0356769247592452), np.float64(0.272456115199547), np.float64(0.15323567702419671), np.float64(-0.32522760701464043), np.float64(-0.40103855395563476), np.float64(-0.0119149420030461), np.float64(0.42482407283582163), np.float64(-0.05363571053847152), np.float64(0.42491726956507925), np.float64(0.024620355198779312), np.float64(0.01131486768526401)]","[ 2.70763351 -1.45228301 -0.06129688  0.29677191 -1.55398371 -3.12572674
  0.91765825  3.16373289  1.50630885 -2.45731006  0.73896906  1.57575954
  1.57094929  1.03575943  2.65349426 -3.47175181 -3.13470805  0.00522468
 -3.16002379  0.02106584 -1.57316441 -1.57047826  1.56952406  1.57037059
 -0.44453745  1.31762927 -3.21286891 -1.57203826  1.57533233  1.55685896
  1.57305838 -1.53430588 -1.56042198  1.57309563 -1.86312613  1.55677116
  1.56460999 -4.71118772  1.57261758 -3.13779156 -3.13896932 -3.14011484
 -3.14501165 -1.58121371 -1.7179111   1.49078561  1.70918928  1.58433731]",-1.7179667303626047
"[np.float64(-0.24484062284551253), np.float64(0.518613286577339), np.float64(-0.1558756753546212), np.float64(-0.307423198514414), np.float64(0.47938857181125355), np.float64(-0.4329038187908523), np.float64(0.047986382859623415), np.float64(0.2936462223589979), np.float64(0.026087841099601876), np.float64(-0.1889766747182912), np.float64(0.017466233953740272), np.float64(-0.29867871307420935), np.float64(0.42936113505308654), np.float64(0.13504272530640268), np.float64(-0.20926753574082826), np.float64(-0.551477249591973), np.float64(0.053306689922048865), np.float64(-0.23721488846041516), np.float64(0.11626234824700755), np.float64(-0.12600164041546807), np.float64(-0.19409514453790644), np.float64(-0.035855711100315144), np.float64(-0.10572676982502491), np.float64(0.5648159806220325), np.float64(-0.7134380398365042), np.float64(-0.08751699015042624), np.float64(0.14477705471624241), np.float64(0.1998868451500534), np.float64(0.39882945159488137), np.float64(0.4541072407126831), np.float64(-0.18367650396504395), np.float64(-0.05648926419023544), np.float64(-0.3657587318095153), np.float64(0.13259188273792433), np.float64(0.17043426769567405), np.float64(-0.09293239929583619), np.float64(0.19270889087050924), np.float64(-0.07817043093623706), np.float64(0.3801308483998196), np.float64(-0.21003656362944176), np.float64(-0.06391630071688158), np.float64(0.1605515092126606), np.float64(0.30842898816196124), np.float64(0.3745072209537415), np.float64(0.12908924449101625), np.float64(-0.22631374364794823), np.float64(-0.15987665071209622), np.float64(0.12964590693460928), np.float64(-0.22140954483349265), np.float64(-0.16431706231079385), np.float64(-0.49678714833111637), np.float64(-0.24816206425674506), np.float64(0.3030328297165401), np.float64(-0.13189690285367642), np.float64(0.06219338127443413), np.float64(0.09975146911712615), np.float64(0.07099821363892851), np.float64(-0.11072151365908987), np.float64(0.13004996017016826), np.float64(0.22405768232829745), np.float64(-0.31912531578062187), np.float64(0.22412086318603525), np.float64(-0.08399347901411444), np.float64(0.03934248450031082), np.float64(-0.17122297411544826), np.float64(-0.014050123902949943)]","[-3.33165061  2.34868535  1.57165791  3.141579   -1.57030178 -3.269356
 -1.60011925  1.2313468  -3.06877925  2.1646803  -2.60824105 -1.56878465
  1.56960557  1.57303043 -0.26186082 -0.26363021  1.55518999  1.58536519
 -1.60788582 -1.6400564   1.62098795 -1.5337122  -1.55895587 -1.57034431
  2.34705333 -1.56988412 -3.74553628 -2.35699605  3.86287621  0.33541158
 -1.88143674  0.67330966  0.50139461 -1.77719509 -3.06750195  1.14895563
 -3.14171558 -1.00475939  1.30683119 -4.61682206  1.5884836  -1.57003052
  1.5147139   1.68203581 -1.2570353  -1.99592745  0.16975839 -0.0095603 ]",-1.2179466642296575
"[np.float64(-0.26479138901318383), np.float64(-0.2076179321089726), np.float64(-0.07286454961975608), np.float64(0.23385524202063412), np.float64(-0.12052919954190441), np.float64(-0.015944355651203355), np.float64(-0.05546995088512682), np.float64(0.21733698565399004), np.float64(0.26980743776804417), np.float64(-0.16445144114998678), np.float64(-0.42365076766327436), np.float64(0.15081934955337056), np.float64(-0.21231127410847345), np.float64(-0.12084835707869962), np.float64(0.22539344997563), np.float64(-0.45797106397606335), np.float64(-0.13159402031662262), np.float64(0.017724098322586708), np.float64(0.29559697293874415), np.float64(-0.5142860267441405), np.float64(-0.21216685503231042), np.float64(-0.31084604609487104), np.float64(-0.17442739062516321), np.float64(-0.16961976056357442), np.float64(0.36912730314261866), np.float64(0.16936723438460713), np.float64(0.05649129766839678), np.float64(0.39022038885856397), np.float64(0.07140646513578404), np.float64(0.4175537355173123), np.float64(0.12627597593256165), np.float64(-0.022765377248512707), np.float64(0.1158983668946595), np.float64(-0.15641881748528078), np.float64(-0.39502850293663944), np.float64(-0.5187888224625957), np.float64(-0.250372875236374), np.float64(-0.2691982393248956), np.float64(-0.4384940652671757), np.float64(-0.11855589277141981), np.float64(0.31150464363025976), np.float64(0.3351420515486474), np.float64(0.31057510002170213), np.float64(0.09641852819692666), np.float64(-0.3605704977401468), np.float64(0.1638837648344055), np.float64(0.23535009103075266), np.float64(0.20395518621057754), np.float64(0.4854275256139043), np.float64(-0.38427272956483044), np.float64(0.014360152924050405), np.float64(0.185549794661523), np.float64(-0.1276821326723114), np.float64(0.1561612636177641), np.float64(-0.49679602860944294), np.float64(0.36699763910582195), np.float64(-0.21064778381354257), np.float64(0.11489930219423104), np.float64(0.5561126031506497), np.float64(-0.19717266369193834), np.float64(-0.7062638202996582), np.float64(-0.3262252410374654), np.float64(0.5750889235595358), np.float64(-0.6196764307386824), np.float64(0.03611018337771151), np.float64(-0.050834841354900316)]","[-1.57063405 -1.57319021  1.57212164 -1.96748785 -1.87423416  1.16488822
  3.18892568  2.45068857  2.27995768 -1.13780279  1.154534    1.57008256
 -3.10058801  1.58398066 -2.35680042  3.5418032  -2.37536229  2.58675258
 -1.53481125 -0.06644544 -4.91916961  1.5437282   0.56312057 -3.14077886
 -1.57148654 -1.5703893   1.57071939  1.57123299  1.5707101   1.56826005
 -1.57341302  1.58712535  1.67967526 -1.95492048 -1.14001631  1.57045902
  3.1289753  -0.23519485  2.97118696 -3.72559568 -0.5307819  -1.56287741
 -0.15363692 -2.00500349  4.02566828 -2.58231172  1.70541388  1.52310564]",-0.9723041229194678
"[np.float64(-0.5418172610321401), np.float64(0.09210262841751743), np.float64(-0.1678577143213881), np.float64(0.30385286361006303), np.float64(-0.06392467956705258), np.float64(0.33575702900739585), np.float64(0.14434281637254773), np.float64(0.3036515984331655), np.float64(-0.05252993253500943), np.float64(-0.4481604628401044), np.float64(0.09521910835153972), np.float64(0.42187594951064333), np.float64(0.1419497875481235), np.float64(-0.4754636176176551), np.float64(0.21766019628778518), np.float64(0.4631620610450468), np.float64(-0.11252871620577538), np.float64(0.05646685143505962), np.float64(0.09022739765646318), np.float64(-0.10863846792988263), np.float64(0.22082348983857725), np.float64(0.45440881989881343), np.float64(-0.4967474255812036), np.float64(0.2655121061556135), np.float64(-0.0966432769792129), np.float64(0.1764991834220255), np.float64(-0.35707997745014797), np.float64(0.3218508916282709), np.float64(-0.17634601226620136), np.float64(-0.023922943524924332), np.float64(-0.1549997164619403), np.float64(0.2754714919885685), np.float64(-0.24838288336352743), np.float64(0.07397154043111955), np.float64(0.11965233238877826), np.float64(0.37606257654131275), np.float64(-0.09121812867816557), np.float64(-0.15001334891314808), np.float64(0.27523421090943107), np.float64(-0.037543176043786916), np.float64(-0.1753910618536665), np.float64(0.052249031036289945), np.float64(-0.22706529458061991), np.float64(-0.11814928945406632), np.float64(-0.08890851356419667), np.float64(0.10179918255699069), np.float64(0.2075653558418647), np.float64(-0.019947921305376995), np.float64(0.11008543301679488), np.float64(-0.29420064046126165), np.float64(-0.14553438084939754), np.float64(-0.06884696107399975), np.float64(-0.2893393277602516), np.float64(0.014840042624703698), np.float64(-0.29009981465472023), np.float64(-0.18018847397277704), np.float64(0.0791842117367942), np.float64(-0.4934973143223979), np.float64(0.5783267673452979), np.float64(-0.07450070987928332), np.float64(0.2996029508794108), np.float64(0.21670181523818868), np.float64(0.32167599049422857), np.float64(0.26617475907768634), np.float64(-0.058315938337222074), np.float64(-0.1446246703931034)]","[-0.53109795 -0.01584392 -3.15336049  0.06823423  2.98355362 -0.22932767
 -3.26793711  0.14707504  3.23852329  0.2225205  -0.06148089 -1.60227603
 -1.44120181  1.64586907  1.57153255  1.58169525  1.570723    1.56533834
  1.56749538  1.56795885 -1.56932184  1.56997317  1.57179904  0.59726739
 -1.55565573 -1.52784676  4.52952347 -1.53207248  1.24435907 -1.61933182
 -1.32595537 -1.40751495 -1.24872132  1.45180762 -1.80794065  3.11451274
  1.56930353  1.63540924 -1.44116166 -1.70942107 -1.51875524 -1.54521779
  1.63300445 -1.69164685 -1.58961398 -1.68292249 -1.47953758 -1.3284829 ]",-2.80741920197579
"[np.float64(-0.23376639639396152), np.float64(0.2851464902211086), np.float64(-0.019957271512224307), np.float64(-0.4526246604861258), np.float64(-0.16626094082796766), np.float64(0.37596683742999376), np.float64(0.13053609864147198), np.float64(0.19056170220657107), np.float64(0.38079113021703964), np.float64(0.24730474093863497), np.float64(-0.12137154401621704), np.float64(-0.15651357498104018), np.float64(-0.26267886522859313), np.float64(-0.7511339105111962), np.float64(-0.32784842251219154), np.float64(0.6061638080900694), np.float64(-0.5252112814453817), np.float64(-0.05589902989333658), np.float64(-0.07886439194705583), np.float64(-0.09508777341111163), np.float64(0.42156400154865636), np.float64(-0.08323537265687836), np.float64(-0.6095618283985536), np.float64(0.15599047391275161), np.float64(0.06743073197947831), np.float64(0.3065496028443228), np.float64(0.06965129457752194), np.float64(0.15720117261074593), np.float64(-0.25455443262209787), np.float64(-0.07497306698110494), np.float64(0.2826335181693061), np.float64(-0.2406636584391534), np.float64(0.2803912020376623), np.float64(-0.03398785104494468), np.float64(0.15788756861937298), np.float64(-0.4030915718074963), np.float64(0.7821881805343444), np.float64(-0.6540954771068188), np.float64(-0.033076156264738595), np.float64(0.07094194489718027), np.float64(0.13885669300430456), np.float64(-0.18229204834971588), np.float64(0.25745066084915674), np.float64(0.059340433004818456), np.float64(0.08646892579709806), np.float64(-0.31412983534686434), np.float64(-0.33703823666239546), np.float64(0.023241559910043567), np.float64(0.21623123999461932), np.float64(0.6250039708909552), np.float64(-0.21621806713792957), np.float64(-0.4082109310054661), np.float64(0.06852446988865737), np.float64(0.058403562478367914), np.float64(-0.2970967122878345), np.float64(-0.4350571056612976), np.float64(-0.11656018480441806), np.float64(0.07404949236174702), np.float64(0.39930565927497697), np.float64(-0.1075010721782149), np.float64(0.6007107125623079), np.float64(0.05117752687974721), np.float64(-0.2940755698060349), np.float64(0.2602772097798088), np.float64(0.17237394075357984), np.float64(0.052500502889940924)]","[-1.57418576  1.57274948 -1.57468541  1.91702716  2.43761946  0.31227103
 -2.2974704  -0.55184571  2.20360186  0.94614248 -1.16416435  1.55538276
  0.30085568 -1.41435556  1.77608338  1.56519711 -4.13154621  4.30450812
 -1.52525673 -1.12764734 -1.49853789 -1.50671281  1.02194082 -0.04868376
 -1.56977422 -1.56812633 -1.58381418  1.50723536  1.54502719 -1.59500939
  1.70731892  1.52983266 -1.66278388  1.59990539  1.63565651 -1.52591641
 -0.16041724  0.6875114   1.72351692 -1.01893578  1.17274389  1.58531471
  2.0762495  -1.30915352  1.29683085 -1.3902952  -1.55513298 -1.64794058]",-1.8030720375109013
"[np.float64(-0.27684539474119996), np.float64(0.08962242089972293), np.float64(0.6291284908575265), np.float64(0.11300541922057467), np.float64(-0.3697940180429481), np.float64(0.09827295143056573), np.float64(0.20889660696585666), np.float64(0.0981288777330009), np.float64(0.014352547712069511), np.float64(0.1502339191764207), np.float64(0.3029719774380047), np.float64(-0.1384132811275268), np.float64(0.06086223279953034), np.float64(0.10455180114687856), np.float64(-0.03155910971810125), np.float64(0.41441961554479523), np.float64(0.5277159358696172), np.float64(-0.1743217669181236), np.float64(-0.8501955257970314), np.float64(0.31638043147954664), np.float64(0.31376698530135305), np.float64(-0.08728680915586443), np.float64(0.4266086518782096), np.float64(-0.03249006090274802), np.float64(0.09248931199378431), np.float64(-0.090046957791081), np.float64(0.1531346189720532), np.float64(0.05472275018019008), np.float64(-0.028796646031601758), np.float64(0.17276326761714947), np.float64(-0.37479811125651563), np.float64(-0.058119125060812425), np.float64(0.24419483193906732), np.float64(0.0633290218082093), np.float64(0.06068643912131891), np.float64(0.40016451065679537), np.float64(-0.30885362995101673), np.float64(-0.04768853956685954), np.float64(-0.055782361786298154), np.float64(-0.14011439713170035), np.float64(0.46923848463196205), np.float64(-0.09378399340590204), np.float64(-0.2079437900628031), np.float64(0.3404389316344136), np.float64(-0.03380513639154011), np.float64(-0.22835063009695666), np.float64(-0.08871199350245597), np.float64(-0.1591565491646008), np.float64(0.144145487137192), np.float64(-0.4406284765126323), np.float64(0.542917842274047), np.float64(-0.41905524229086316), np.float64(-0.21897966641882646), np.float64(-0.26462935289065603), np.float64(-0.45210930374988123), np.float64(-0.11650501464842164), np.float64(-0.20114056884553097), np.float64(0.4789645882649129), np.float64(0.25393677616778754), np.float64(0.2045946459011159), np.float64(0.23953275246625808), np.float64(-0.01285134632961089), np.float64(-0.4953276891060059), np.float64(-0.3562002743560428), np.float64(-0.1391953257183689), np.float64(0.13436771197148353)]","[-3.01622015e+00 -2.09173130e+00  1.37393367e+00 -1.57169289e+00
 -4.52463781e-03 -1.42575295e+00  3.13781288e+00 -1.57967650e+00
 -1.54585611e+00  2.14483683e-01 -1.65082520e+00  1.57169872e+00
  1.57167197e+00 -1.57141337e+00  1.57012919e+00  1.14230777e-01
  3.25210728e+00 -5.27424634e-02  5.09594401e-02 -1.55450114e+00
 -4.33946447e+00 -1.20611733e+00  1.60354996e+00  1.57187151e+00
  2.63740154e+00 -4.46808946e-01  3.31480368e+00 -4.00424442e+00
 -2.64720075e+00 -8.86108455e-01 -2.64916385e+00 -2.20827718e-01
  1.49564031e+00  7.34429071e-01 -1.54674471e+00 -1.31705424e+00
  1.42614729e+00 -1.59200167e+00 -1.59200229e+00 -4.70773714e+00
 -1.56803883e+00  1.57101595e+00  1.56357587e+00 -1.56977161e+00
  1.56767639e+00  1.57554336e+00  1.57526774e+00 -1.72199240e+00]",-1.4257667512711123
"[np.float64(0.0030107526090225496), np.float64(0.17290176992974587), np.float64(-0.03101315705672638), np.float64(-0.26243987136587), np.float64(-0.9989597371019575), np.float64(-0.03505121263203682), np.float64(0.0742644098576731), np.float64(-0.07353521571965331), np.float64(0.5119711032440667), np.float64(0.05867782209813912), np.float64(0.004118967777033758), np.float64(0.4327803281377808), np.float64(-0.3816115036729797), np.float64(0.1316734257114497), np.float64(-0.16731574091396126), np.float64(0.24195920411000701), np.float64(0.4556839379068011), np.float64(0.1649187747771777), np.float64(0.06768186159262722), np.float64(0.04531977136945277), np.float64(0.045654229805592826), np.float64(0.15113772951440765), np.float64(0.4767451597979148), np.float64(0.007330835472670025), np.float64(-0.08124587340881718), np.float64(-0.026416209732999015), np.float64(-0.3625381967008581), np.float64(-0.08705902205256685), np.float64(-0.3374776999844954), np.float64(-0.08531366087542731), np.float64(-0.10460043527177122), np.float64(-0.23525554984292413), np.float64(-0.12262948924107459), np.float64(0.35300513133391), np.float64(-0.28960246619838825), np.float64(0.2418325134416761), np.float64(0.1730626736645538), np.float64(-0.42455661541533524), np.float64(0.0509441298521481), np.float64(-0.176512227615932), np.float64(0.3254444581469105), np.float64(0.28719935017086606), np.float64(0.11117489274710196), np.float64(0.20805258265379295), np.float64(0.3657692550267938), np.float64(0.2951276094047283), np.float64(-0.22241908998220508), np.float64(0.13370744768660328), np.float64(0.6252981692455811), np.float64(0.009663390026573196), np.float64(0.09371195996210158), np.float64(-0.18731898167505537), np.float64(0.1719339117886597), np.float64(-0.24624875672538446), np.float64(0.027543494077082887), np.float64(-0.21325193759802819), np.float64(-0.5146987250248598), np.float64(-0.3210625221161006), np.float64(-0.34535003983241563), np.float64(-0.03623291750545086), np.float64(-0.20397133895261402), np.float64(0.601863128667219), np.float64(-0.4315758120144491), np.float64(0.10038942419850752), np.float64(-0.3791486125127638), np.float64(-0.06635274696386477)]","[-4.71449747 -1.56547221 -1.56504666  1.53717852 -1.6947965  -1.55204062
 -1.60360003  1.56112324  1.59853782  1.544569    1.52021969 -1.57937478
  3.13987901  0.00699687 -3.14773952 -3.12926581 -3.12112315 -3.08352995
  3.11786499  3.1063065   3.14531841 -0.01961751  0.02310895 -0.01083781
  0.62488332  2.3853869   1.98054203  0.42897213 -0.76196537 -2.59142736
 -2.16096472  3.62097519  3.76717736  0.92260661 -0.56390182  3.11260327
 -1.59605234 -1.58335187 -1.55917561 -4.71537364 -1.56865629 -1.57315283
 -1.57268179  1.56960644  1.57220976 -1.56915084  1.5699568  -1.58316862]",-2.1924723590664144
"[np.float64(-0.4226407309326758), np.float64(-0.05600615892965927), np.float64(0.3587152445808157), np.float64(0.0006915892711414209), np.float64(-0.40011711324945987), np.float64(0.19583774919894542), np.float64(-0.03444296368346987), np.float64(-0.20573678982567062), np.float64(-0.42337750894194615), np.float64(-0.4780585307690065), np.float64(0.4752084514254424), np.float64(-0.04585444671309875), np.float64(-0.21925150598326876), np.float64(-0.06966288358195098), np.float64(0.20669773130796829), np.float64(-0.3905413279281375), np.float64(0.020824295822068264), np.float64(-0.055827816998899195), np.float64(0.009335925698438968), np.float64(-0.4882742467333352), np.float64(0.11626909759142925), np.float64(-0.29499176629037144), np.float64(0.12014789943545043), np.float64(0.09304972667471303), np.float64(-0.513609582579584), np.float64(-0.6292356827967013), np.float64(0.10325305269320331), np.float64(-0.041765668765585115), np.float64(0.19828937401365526), np.float64(-0.1641186995967185), np.float64(0.33797012580864144), np.float64(-0.16930059531219926), np.float64(0.06351283895565453), np.float64(0.19378124835853713), np.float64(0.30978410660777495), np.float64(0.12309800077957615), np.float64(0.23108991209416913), np.float64(0.23544705196420523), np.float64(0.10789584964403441), np.float64(-0.28563622197558874), np.float64(-0.2884805747146905), np.float64(0.2881179089737855), np.float64(0.7175012912647314), np.float64(0.047987919553112726), np.float64(-0.17996905009325395), np.float64(-0.5763902516234246), np.float64(0.16367687995708796), np.float64(-0.24936435369659918), np.float64(0.061187854712333276), np.float64(-0.3043925720258043), np.float64(0.185631453043373), np.float64(-0.13750078732570298), np.float64(0.5537295564950714), np.float64(-0.2579750628264133), np.float64(0.18309425414572672), np.float64(0.4182347268038345), np.float64(0.008920484883003555), np.float64(0.03427841872643921), np.float64(-0.19327053821345588), np.float64(-0.6676405316359114), np.float64(0.07159108905309572), np.float64(-0.13577844786072443), np.float64(-0.6339285389615046), np.float64(-0.33729772610985265), np.float64(-0.010356640043545924), np.float64(0.214701371098488)]","[-1.57185028e+00  1.54931654e+00  1.57679840e+00 -9.51617501e-01
 -2.12790093e+00  3.39468913e+00  2.35858115e+00 -5.71591077e+00
 -1.01499068e+00  2.12404015e+00 -1.41428064e+00  1.56972950e+00
 -5.81677534e-03  6.03170211e-03 -1.34717482e+00 -7.85708273e-02
 -3.23068658e+00 -1.58663441e+00  1.77330231e-01 -2.02125679e-01
 -1.76589432e+00  2.25267205e+00  1.80363055e+00  3.11580333e-03
 -1.57011482e+00 -1.53652413e+00  1.53702529e+00 -1.57514631e+00
 -1.58300015e+00 -1.58431938e+00 -1.56867700e+00 -4.72234044e+00
  1.57923495e+00 -2.89790082e+00  2.91902594e+00  1.57291798e+00
 -1.56613622e+00  8.33841309e-01  2.79246804e+00 -3.11116098e+00
 -4.74080437e+00 -1.34903726e-01 -6.39141429e+00 -1.41714990e+00
 -1.56262134e+00 -3.07994879e+00  1.58882277e+00 -1.64848447e+00]",-0.8074457814095695
"[np.float64(-0.2794617382848011), np.float64(-0.1507237551124653), np.float64(0.004250750678496332), np.float64(0.5349671737729994), np.float64(0.15372769341649595), np.float64(0.08481888306594576), np.float64(0.2571968864073283), np.float64(-0.19897380250436333), np.float64(-0.2569157788201918), np.float64(-0.23239531893184462), np.float64(0.31074726286320786), np.float64(0.3082610240401825), np.float64(0.17190030204607828), np.float64(-0.10849250221884578), np.float64(0.2543080688334409), np.float64(-0.14353554892441847), np.float64(-0.29275496978774496), np.float64(0.03553427837131806), np.float64(-0.07000271369325514), np.float64(-0.24296830702886124), np.float64(0.16300684471668503), np.float64(-0.013631302835378157), np.float64(0.32177902562186145), np.float64(-0.09907636732211189), np.float64(0.06269945089896593), np.float64(0.4242485400283481), np.float64(-0.43599900072341846), np.float64(-0.18610871351279595), np.float64(-0.0508489994289314), np.float64(-0.2761777569463668), np.float64(-0.05987155356678872), np.float64(0.07451274454548008), np.float64(-0.3665388532789345), np.float64(-0.22564615795525444), np.float64(0.02377215651482324), np.float64(-0.4214342121444369), np.float64(-0.10279622985150334), np.float64(0.3763792121247567), np.float64(0.3243177348349813), np.float64(0.06928989603459769), np.float64(-0.05334390226916059), np.float64(0.5181387276539683), np.float64(0.08827781665232025), np.float64(0.04687127486130677), np.float64(-0.3353318186842766), np.float64(0.46239524378825686), np.float64(0.1385512706583856), np.float64(0.0764232104256881), np.float64(0.12113469506042228), np.float64(-0.4094651350065046), np.float64(0.3094695802090961), np.float64(-0.04831927539803975), np.float64(0.23151990010204418), np.float64(-0.26811973450316395), np.float64(0.20792701585193318), np.float64(-0.2153803967227565), np.float64(0.20305655983033608), np.float64(0.23650819107689586), np.float64(-0.0859049315536255), np.float64(-0.28203987238037687), np.float64(0.19285924895060153), np.float64(-0.027658272571000776), np.float64(-0.40056919130951874), np.float64(-0.017634612358814354), np.float64(0.39542022054828896), np.float64(-0.2714884286420649)]","[-0.05906729 -2.91828441  3.69503552 -0.42974288 -0.36508569 -0.64853002
 -1.45091699  2.50259903 -1.1300521  -3.56591903  0.05113145  0.02819062
 -4.86398018  1.60432018  1.55053199  1.58554338  1.46783385 -1.72990059
  2.074488   -2.13803369  1.42195879 -1.60521778  1.57022604 -1.54735908
 -1.56404318  1.54800172  1.5405489  -1.54222076 -1.52281197 -1.49971344
  1.76719871 -2.11193624 -2.53136355 -1.73877282  2.21640385  1.52398882
  1.51223831 -1.57568246 -1.58986748  1.61111898  1.62252575  0.99200868
  0.74431099  3.49208901  1.47203517  1.56050374 -1.5710774  -1.52001574]",-2.1910580434314397
"[np.float64(-0.02105495397336226), np.float64(-0.28657945239411403), np.float64(0.43469215921863574), np.float64(-0.37926781375290936), np.float64(0.26071574048185275), np.float64(-0.09389655107041338), np.float64(0.4555395956872338), np.float64(-0.08002727160166766), np.float64(-0.0054149955093377375), np.float64(-0.0330071475141161), np.float64(0.33587310774972934), np.float64(-0.26391123420787005), np.float64(-0.13721751863978218), np.float64(0.25808073978853596), np.float64(-0.014742101035497172), np.float64(0.26853262709090403), np.float64(-0.18976529837704798), np.float64(0.13291671392928525), np.float64(0.09911823323928427), np.float64(-0.2795514701055207), np.float64(-0.01759368351991013), np.float64(0.10239471339480967), np.float64(-0.07392319021470001), np.float64(0.31139632958507724), np.float64(-0.1426402450259487), np.float64(0.33358392372784834), np.float64(-0.41823279355160314), np.float64(-0.12847915931667614), np.float64(-0.006087144764214632), np.float64(0.025236744891154083), np.float64(-0.018110548302705625), np.float64(0.46523663412607513), np.float64(0.2651394036421018), np.float64(-0.11334537657000837), np.float64(0.11378646179001146), np.float64(0.04973066649556062), np.float64(0.16584011472279803), np.float64(0.3265699948445115), np.float64(0.3359606450654869), np.float64(1.0326545547520367), np.float64(-0.19720526480611458), np.float64(0.026761656314707734), np.float64(-0.17951872055772367), np.float64(0.3160465873704738), np.float64(-0.08966935510865992), np.float64(-0.1641558790302798), np.float64(-0.05712782633825139), np.float64(0.2562645701874366), np.float64(0.029112264903614436), np.float64(0.20783984477237022), np.float64(-0.1808543064784995), np.float64(0.3358931476818675), np.float64(0.044114359032388036), np.float64(0.07881275370847249), np.float64(-0.21556109743882987), np.float64(-0.67249576952298), np.float64(0.11308124670467012), np.float64(-0.2892766195018208), np.float64(-0.07847350104870236), np.float64(0.008805379994313474), np.float64(-1.1111759826607908), np.float64(0.4285412885561371), np.float64(-0.28767464648410107), np.float64(0.5483669607795019), np.float64(-0.5405225178929299), np.float64(0.4054665416990534)]","[ 2.16224797e+00  7.56453086e-01  1.48597737e+00  3.83711727e-01
  2.69008685e+00 -3.31868525e+00 -6.17350520e-02  7.11661668e-01
 -1.12199066e+00 -2.56831726e+00 -3.87561497e+00  1.57716135e+00
  1.57442648e+00 -1.56590978e+00  1.57117268e+00 -1.57053442e+00
  1.57078532e+00 -1.57059721e+00  1.57152611e+00 -4.70588039e+00
 -1.58194409e+00 -1.57548488e+00  4.71275745e+00  1.57079937e+00
 -7.56959614e-01  1.65541512e+00 -2.22689662e+00 -2.54300029e-02
  2.90547330e+00  8.72744798e-01  1.38803512e-03  2.81485083e+00
  2.17758351e+00  3.03924650e+00 -2.72611971e+00 -5.16389583e+00
 -5.57891409e-04  9.29210908e-01 -4.28377020e+00  1.77759453e+00
  1.66304818e+00 -1.61010772e+00 -1.57367817e+00  1.56805972e+00
 -1.58999723e+00 -1.25722960e+00 -2.29876402e+00  4.81525482e-01]",-1.2880175001637326
"[np.float64(0.11085451433184333), np.float64(0.39439439848129704), np.float64(0.431782570031477), np.float64(0.27269949116617087), np.float64(-0.0762300204249893), np.float64(-0.4850723484103995), np.float64(-0.3145950343383562), np.float64(-0.08175247370009718), np.float64(-0.14120194439855377), np.float64(0.24353691164625937), np.float64(0.14644899009355317), np.float64(0.6990419252714961), np.float64(0.1853968684097746), np.float64(-0.0118885857250525), np.float64(0.010285506771395251), np.float64(0.19060657292202018), np.float64(-0.022707230443381646), np.float64(0.03103346468700848), np.float64(-0.2823380285111777), np.float64(-0.3680772504603426), np.float64(0.042037072178036365), np.float64(-0.6277621543670703), np.float64(0.5099627184842277), np.float64(0.17610309101831512), np.float64(-0.3154335181805404), np.float64(-0.543565749904421), np.float64(-0.21046729417814472), np.float64(0.3537167617345589), np.float64(0.08314039885707919), np.float64(-0.2959076949551315), np.float64(-0.17584576164390053), np.float64(-0.13669732550434271), np.float64(0.2300094623387891), np.float64(-0.14841424064425973), np.float64(0.12822161806789018), np.float64(-0.23841177823154874), np.float64(-0.4668173402993877), np.float64(0.15279096020409919), np.float64(-0.10365768566566799), np.float64(-0.43236781345049136), np.float64(-0.13369216521678334), np.float64(0.422333109785477), np.float64(0.1971368330258977), np.float64(0.1292349744974111), np.float64(0.6016612880646134), np.float64(0.0331850742856406), np.float64(-0.25572766530821656), np.float64(0.15598760295714606), np.float64(0.349748550668844), np.float64(-0.2817145352062771), np.float64(0.1003531854957506), np.float64(0.7089225560779412), np.float64(-0.41628319422098065), np.float64(-0.023706677040002545), np.float64(-0.20929195854032376), np.float64(0.008456478094973678), np.float64(0.184968789846647), np.float64(0.04125933578855817), np.float64(0.5013726735101488), np.float64(0.09037211646285645), np.float64(-0.6498332883824162), np.float64(-0.11526960835496196), np.float64(-0.04776532762926913), np.float64(-0.36179192945170724), np.float64(0.4450243308532735), np.float64(0.1874977303715234)]","[-2.70087247e-01 -4.08669140e+00 -1.57404205e+00  9.31672674e-03
 -1.57875427e+00  4.20542000e-01  1.90556480e-01 -1.23895185e-01
 -3.67392438e+00  1.77987118e-01 -3.03465534e+00  1.62242217e+00
 -1.56582727e+00  1.53475760e+00 -2.59781094e+00  5.39806409e-01
 -1.58081713e+00  1.57408705e+00  1.57107728e+00 -1.57202936e+00
  1.58764520e+00 -1.56988801e+00  1.54822956e+00  1.57497430e+00
  2.19642472e+00 -1.56843453e+00  4.10722163e-01  1.94505336e+00
 -2.50281675e-01  3.88233550e+00  2.32805373e+00  7.83654038e-01
  4.32992594e+00  7.79344653e-01  9.94237617e-02 -1.17133471e+00
  5.27495096e-04 -2.57701909e+00  8.80879650e-01  1.98686550e+00
  1.86373762e+00 -1.68810334e+00  1.59809462e+00  1.57315064e+00
 -4.74963221e+00  1.40394799e+00 -2.12312701e+00 -5.20600169e-01]",-1.778620772844988
"[np.float64(-0.10035450718164447), np.float64(-0.0548843745537486), np.float64(-0.042476240213127396), np.float64(0.36538029944586237), np.float64(0.045504603148857244), np.float64(-0.04524136758154277), np.float64(-0.0036744560321812906), np.float64(0.3527581791523755), np.float64(0.11201698986845965), np.float64(-0.8370310933531424), np.float64(-0.014993782110108284), np.float64(0.5571433404456084), np.float64(0.2923140421616994), np.float64(-0.38072731065501225), np.float64(0.14625619727515204), np.float64(-0.29507527448250614), np.float64(-0.10182074740323754), np.float64(0.23267586858734424), np.float64(0.0743190722536389), np.float64(0.07966470053023705), np.float64(-0.4851357386526275), np.float64(-0.04371701208763699), np.float64(-0.26314258018447406), np.float64(-0.2266449772157934), np.float64(-0.3836285375573427), np.float64(0.2532298713701878), np.float64(-0.1637615552074377), np.float64(-0.32515302461810563), np.float64(-0.1331920521904776), np.float64(0.025513611168952698), np.float64(0.07147178523284568), np.float64(-0.04648601965970469), np.float64(0.3736044863822646), np.float64(-0.0068557015506077335), np.float64(0.2328975150860536), np.float64(-0.040437175026127585), np.float64(-0.05622678796355202), np.float64(0.2878710849451646), np.float64(0.20218069756362578), np.float64(-0.40170274672657946), np.float64(-0.09697910464056664), np.float64(-0.1424456223601244), np.float64(0.11033912029175127), np.float64(0.1553590383772345), np.float64(0.1284926479688774), np.float64(-0.3245890196534677), np.float64(0.40407861366664555), np.float64(-0.12478016489174797), np.float64(-0.18806050195501461), np.float64(0.4052307324017945), np.float64(0.03134893075158301), np.float64(0.06579079918617708), np.float64(-0.4638365934727944), np.float64(0.2565748269004298), np.float64(-0.301459596191241), np.float64(0.2457190423208012), np.float64(-0.20635129286635034), np.float64(0.04729864652617996), np.float64(-0.03599784359710742), np.float64(-0.01055335642009011), np.float64(0.21624271242312332), np.float64(0.06963784547495878), np.float64(-0.0543456001253719), np.float64(-0.20277808782278883), np.float64(0.274933536018518), np.float64(0.10422062671758485)]","[ 1.57051633 -1.57080671 -1.57086833 -1.42466149  1.51818347  1.5301995
 -1.31275811  1.76327692  1.3305719  -1.57598863 -1.69390347  1.57051457
  0.24129674  1.56376028  3.10532175  3.2236296  -3.26568458  0.07109902
 -0.03274727 -0.14936319  3.1461154   3.22873591 -0.0381408   3.14026884
  1.56805329 -1.56777768 -2.01486719  1.63669526 -1.28839064 -1.5751613
  1.42942333  1.69631197 -1.29951735  1.45615067 -1.53092753  1.34390894
 -0.00714362  4.6802997  -1.59491515  1.55182527 -1.57040319  1.56855995
 -1.5829037  -1.59604226 -1.57375272 -1.57071075 -1.57353869 -1.53240358]",-2.3208654080526685
"[np.float64(0.06640337366167183), np.float64(-0.2749502831051661), np.float64(-0.3541185827635055), np.float64(0.13717725781964815), np.float64(-0.39526153852297696), np.float64(-0.13586681010260426), np.float64(0.25412277781943154), np.float64(0.6058049912614208), np.float64(-0.10405391814852304), np.float64(0.16302124305708102), np.float64(-0.0822727192542834), np.float64(-0.6135886588074576), np.float64(0.2193410448786017), np.float64(-0.055527405829533555), np.float64(-0.3308264545829042), np.float64(-0.20652077920842601), np.float64(0.22349331948361847), np.float64(-0.04075581915905529), np.float64(0.27063837766577176), np.float64(0.27330886929224385), np.float64(0.0110460402298193), np.float64(0.2804643496481058), np.float64(-0.5945340606198568), np.float64(0.41396983594381004), np.float64(-0.1621216964930485), np.float64(0.3158974702400618), np.float64(-0.0013635282837492083), np.float64(-0.1352872257475664), np.float64(-0.11229775147327625), np.float64(-0.5446711010474814), np.float64(-0.099573582233148), np.float64(-0.06009751991752669), np.float64(-0.16748447082570583), np.float64(-0.005605502775699153), np.float64(-0.03610718068360759), np.float64(0.10504885448710755), np.float64(-0.6197779133895636), np.float64(-0.21548711014900995), np.float64(0.26666674424052805), np.float64(0.20851311929856745), np.float64(-0.23751147208078835), np.float64(-0.26879332881863727), np.float64(-0.02954657672080309), np.float64(0.14508787684866511), np.float64(0.237639218003628), np.float64(-0.043607965422350695), np.float64(0.31510253410445177), np.float64(0.017645823865816167), np.float64(-0.015188912605109772), np.float64(0.7070917235785241), np.float64(-0.00542106138584389), np.float64(-0.23689152955764847), np.float64(0.14935106622057506), np.float64(-0.1526842727893277), np.float64(-0.23782543717935667), np.float64(-0.3543094972667297), np.float64(0.3489340454803304), np.float64(-0.34609910081243767), np.float64(-0.6849343046627566), np.float64(-0.2819031075276459), np.float64(0.11024081514940871), np.float64(-0.8416532092172381), np.float64(-0.03653244646155593), np.float64(-0.3314493665440468), np.float64(0.00515945503680777), np.float64(0.5912511569334435)]","[-2.00378104 -2.02686477  0.51588772 -1.25109844 -1.10162251  1.78708811
 -0.22401052 -1.57349538 -3.142216   -1.54510923 -3.80444941  1.57154573
  1.57046114  1.56904695  1.56998594  1.56953125  1.57336412  1.55919999
  1.58496834 -2.47403068 -0.66048561  1.64658024 -4.78522075  1.57133158
  0.40984921  1.76096252 -0.88039998  2.26536636  1.08997284  2.67143982
  0.32274699  2.524037    0.43004131  1.90123753  2.08700441 -1.68244672
 -1.49629421 -1.53771667 -1.55965322  4.70162446  1.57662225  1.57351517
  1.57270575 -1.57035056 -1.5704766   1.57108967 -1.56975114  1.52813999]",-1.322329919562435
"[np.float64(-0.45373577852874836), np.float64(-0.0038666178868789966), np.float64(0.3691706741148291), np.float64(0.17316671341238904), np.float64(-0.21154188654270736), np.float64(-0.13899334096097815), np.float64(-0.3925421396391703), np.float64(0.16945767078506235), np.float64(-0.061654606733498665), np.float64(0.14092639672215332), np.float64(0.23682947372882512), np.float64(-0.1199113152088527), np.float64(-0.4013895270676106), np.float64(0.24745025130184672), np.float64(0.28584689696731297), np.float64(-0.24864953254222252), np.float64(-0.12188733167186921), np.float64(0.40297934148450765), np.float64(0.2670733219236148), np.float64(-0.4615095521890706), np.float64(-0.9163877146138374), np.float64(-0.34825420830881615), np.float64(0.5804735649299252), np.float64(-0.12244234191056802), np.float64(0.4412999848880695), np.float64(-0.0418017773282359), np.float64(-0.366516222991877), np.float64(0.22745159337161985), np.float64(0.11770584614896512), np.float64(-0.16103508429798166), np.float64(0.35160682634239054), np.float64(0.16432855966995152), np.float64(-0.0007490274193530335), np.float64(-0.5917959646978564), np.float64(0.0790300553975946), np.float64(0.34653038712330475), np.float64(-0.234977188285083), np.float64(-0.13888121389520985), np.float64(0.31780734298227664), np.float64(0.1837489715914348), np.float64(-0.08011567640845482), np.float64(0.35102755020388154), np.float64(-0.04463700300060309), np.float64(0.037466026861106415), np.float64(0.2316834101754221), np.float64(0.6200429768011175), np.float64(0.2777595250222304), np.float64(0.1416981928052382), np.float64(-0.039271326806460276), np.float64(-0.1134752043663065), np.float64(0.33763780438886853), np.float64(0.15722851176424257), np.float64(0.2879362720602797), np.float64(-0.20221009730129644), np.float64(-0.5576072943924043), np.float64(-0.1272344962343527), np.float64(-0.3838706266584165), np.float64(0.5038256532300279), np.float64(0.03244387466988487), np.float64(0.4435181260764965), np.float64(-0.040479479278181914), np.float64(0.11129258593605143), np.float64(-0.30284525837441584), np.float64(0.3062950260795869), np.float64(0.07415568788060273), np.float64(0.5425521856890536)]","[ 3.66187598e+00 -1.79647318e+00 -1.09032160e-01 -1.57070143e+00
  7.11167171e-05 -4.71244341e+00 -2.62765644e+00  5.52915580e-01
  2.54589769e+00  2.48100512e+00 -3.60587578e+00  1.56792129e+00
 -1.57000293e+00  1.57228854e+00  1.57221746e+00  4.51691833e-01
 -4.51700814e-01 -4.71237751e+00 -1.57080479e+00 -1.57079637e+00
 -1.57080189e+00 -1.57078664e+00 -1.57078963e+00 -1.57108375e+00
  3.36727782e+00  1.57005048e+00 -3.26481218e-03  1.54188283e+00
  3.07378717e+00  9.61808116e-01 -9.76679896e-01 -2.08119855e+00
  4.10187823e+00 -2.17334769e+00 -2.12989980e+00  3.14159182e+00
 -1.57079666e+00 -1.82583405e+00 -1.43030882e+00 -4.72955011e+00
 -1.76481010e+00 -1.63969809e+00 -4.44349063e+00  1.45344930e+00
 -4.49230460e+00 -4.47261748e+00 -1.66705571e+00 -1.36958765e+00]",-2.0651516340631133
"[np.float64(0.015429586364044078), np.float64(-0.028850050724141138), np.float64(-0.044769367022434316), np.float64(-0.33508954092923166), np.float64(0.2533784871248491), np.float64(0.16839140499057245), np.float64(0.6763891567839), np.float64(-0.09362672195557546), np.float64(0.23611238790893907), np.float64(-0.2615969522779588), np.float64(-0.05097883341827842), np.float64(0.22149823187821988), np.float64(-0.15075901857660273), np.float64(-0.04966122464424414), np.float64(-0.4163818477034701), np.float64(-0.13023687869487913), np.float64(0.127698480410373), np.float64(0.11237802404627997), np.float64(0.13015723696345977), np.float64(-0.3070633660885295), np.float64(-0.1496162043252009), np.float64(-0.1953977227941128), np.float64(-0.31073633247794463), np.float64(0.18943412592133652), np.float64(-0.3164257102713522), np.float64(-0.7440604012206818), np.float64(0.10704230008812053), np.float64(0.6791168891980003), np.float64(-0.09149077383928403), np.float64(-0.034898420890893685), np.float64(0.00048405311411156934), np.float64(-0.3468612130461907), np.float64(0.06714997477438807), np.float64(0.33763245762436234), np.float64(0.08944391084626616), np.float64(-0.5788760046722421), np.float64(-0.5600246086209955), np.float64(0.30070988524304726), np.float64(-0.1464240260850961), np.float64(0.0429464691250207), np.float64(-0.274710624849766), np.float64(-0.17748065532077595), np.float64(-0.3695758091867219), np.float64(0.0980592627191379), np.float64(-0.2865609106361627), np.float64(0.19607412526546958), np.float64(0.14667243859632376), np.float64(0.1559721588799476), np.float64(0.37337243672505366), np.float64(0.6717994686985008), np.float64(-0.1035850838334896), np.float64(0.29913155976872724), np.float64(0.0018411120046922173), np.float64(-0.24887410788538813), np.float64(0.011974259712702037), np.float64(-0.08121333179558352), np.float64(-0.12974121849063489), np.float64(0.33213356509821923), np.float64(0.6776304091205474), np.float64(0.10151773487614812), np.float64(-0.0768452399139383), np.float64(-0.21772848414764592), np.float64(-0.09858552784622658), np.float64(0.20223279032148417), np.float64(-0.2315677564464847), np.float64(0.14095919885965416)]","[ 0.86721419  3.15289985  1.56127407 -2.38835442 -1.14657812 -2.71834622
  2.01831075 -0.18803245 -3.50642088 -0.12120252  2.39221099  1.57232182
  1.54963154  1.58505863 -0.39453172  2.17189676 -1.29458385 -1.33742288
 -1.59085207 -1.5747887   1.57261062 -1.57012051 -1.57189918 -1.56451232
 -1.90082757  3.15873494 -1.06152499  1.23368237 -1.61025331  1.54197008
  1.59420819  1.68886693  1.72959951 -1.5494742  -1.48977174  1.59957514
  1.57252622  1.54845455 -1.52430301  1.53932487 -4.75282363 -1.6167329
 -1.54134597 -1.56256414  1.57082051 -4.64806264 -1.54198646 -1.5722587 ]",-2.27220665933055
"[np.float64(0.13956497724836697), np.float64(-0.5468656355370677), np.float64(0.06435649566032617), np.float64(-0.15644418040912544), np.float64(0.010412152098164441), np.float64(0.4988547540737699), np.float64(-0.10735578317413315), np.float64(0.11203957475233384), np.float64(-0.05253951312539076), np.float64(-0.32895239414284666), np.float64(-0.29617999690785235), np.float64(0.19714871373879508), np.float64(-0.04171400405271407), np.float64(-0.1159143470516244), np.float64(-0.06871656597964972), np.float64(0.11891292621747682), np.float64(-0.6547388573043208), np.float64(-0.18423084564390374), np.float64(0.03453413772622518), np.float64(0.13599515535361337), np.float64(-0.09101371087615552), np.float64(-0.029901587640426282), np.float64(0.5014445880304701), np.float64(-0.4685755765709162), np.float64(0.13934961832290005), np.float64(0.2771640466158921), np.float64(0.3411340877185102), np.float64(0.0033325367503707778), np.float64(0.48902011516869837), np.float64(-0.005106468694606432), np.float64(0.16017593185651294), np.float64(0.4332796410475175), np.float64(0.29887292267838683), np.float64(-0.3578186130611619), np.float64(0.1092542673568107), np.float64(-0.07772371224494733), np.float64(-0.14836625098730827), np.float64(-0.0517026088329604), np.float64(0.34799603913678173), np.float64(0.4013666582812343), np.float64(-0.24569787271858484), np.float64(-0.3324034414344143), np.float64(-0.314073719068042), np.float64(-0.04385022168391279), np.float64(-0.08791596424069548), np.float64(-0.04527130186876459), np.float64(0.08344063196985849), np.float64(0.38474250787444575), np.float64(0.09191478918159879), np.float64(0.08870740846489622), np.float64(-0.24987508066757436), np.float64(0.31392416895990055), np.float64(-0.18606100592235603), np.float64(0.7226745680212364), np.float64(0.024429851662255374), np.float64(-0.3518719597029863), np.float64(0.06190095157511616), np.float64(0.4450262017302244), np.float64(0.2539951573884284), np.float64(0.7870387162865372), np.float64(0.1453307542839277), np.float64(0.16467482271005707), np.float64(-0.11691223675072437), np.float64(0.3813184334442919), np.float64(-0.1526456518694039), np.float64(-0.014152958351389347)]","[ 1.57121475  1.57078505 -1.57084508  1.73235161  1.48698257 -1.7763868
 -1.63450961 -1.71299282 -1.76070631  1.83154351 -1.28724284  1.57022709
 -3.02833325 -0.04627129  0.14063722 -0.09802671  3.10318507 -3.15930498
 -0.01024797  0.08801367  0.26552737  3.08921329 -3.16533017  3.14251156
 -1.57766176 -1.41506181  4.61363726  1.43129809 -1.41365397  1.51110555
  1.27607863  1.63001957 -1.60391694 -1.55081487 -1.84475841 -1.57096631
  1.61756599 -1.74079443 -1.51911485 -1.60932324 -1.57395706  1.44372607
  1.52923005 -1.59359292 -1.60748653  1.51229147 -1.53309149  1.46867768]",-2.5634636949125706
"[np.float64(0.13908831651680229), np.float64(0.3970330426202346), np.float64(0.18746094689683457), np.float64(0.1629194623645819), np.float64(0.0009138268453644678), np.float64(0.343110494802466), np.float64(0.0032818292560859684), np.float64(0.2621103096314183), np.float64(-0.29106364943434476), np.float64(0.271855730771779), np.float64(0.06095058622622507), np.float64(0.6017978148449004), np.float64(-0.08368806979476993), np.float64(0.007725819313577199), np.float64(-0.4467738659677197), np.float64(0.11035330423665772), np.float64(-0.27951352647524974), np.float64(0.03334810929033721), np.float64(0.10150439898104299), np.float64(-0.23778331090603724), np.float64(-0.362317699661491), np.float64(-0.38238713500680355), np.float64(0.08464282469109613), np.float64(-0.2012652897559069), np.float64(-0.09377082296282073), np.float64(0.010348737951514688), np.float64(-0.5605196137496739), np.float64(0.07813427648690377), np.float64(-0.3111787353684843), np.float64(-0.4628042385362705), np.float64(-0.3408096271535867), np.float64(-0.005809900035576159), np.float64(0.1261275920990953), np.float64(0.1705081261529323), np.float64(-0.07457649671418189), np.float64(0.01577601942360311), np.float64(-0.4120652451632085), np.float64(-0.38126718971287477), np.float64(-0.18334478629367926), np.float64(-0.2521290842272946), np.float64(0.13515410978046374), np.float64(-0.03960472645384377), np.float64(0.34757020332409233), np.float64(-0.039713929202521175), np.float64(-0.1371132203349567), np.float64(-0.004690395480424032), np.float64(0.08772904005337359), np.float64(0.3021529161641715), np.float64(0.08408364932437572), np.float64(-0.33026710153272554), np.float64(-0.07695210066172802), np.float64(0.37552146297752276), np.float64(0.5764774252276191), np.float64(-0.08367281251913779), np.float64(0.36650734329246853), np.float64(0.5565936323789173), np.float64(-0.11839773015718044), np.float64(-0.08040967827408997), np.float64(-0.063483995732339), np.float64(0.26630369539812854), np.float64(-0.038721539607923045), np.float64(-0.3629980142435357), np.float64(0.2249222425438303), np.float64(-0.09151818348457948), np.float64(0.22163985546302842), np.float64(0.4141634528705639)]","[ 2.55807279 -4.47903045 -1.73401365  1.7113172   0.54174426  1.47855929
 -3.19218457  1.80760516 -1.43511103  0.14478609  0.41019703  1.57713758
 -1.57167385 -1.56933696  1.57146972  1.57340218 -1.56878879 -4.76669191
 -4.65657573 -1.60209999  1.58180908 -4.71238649  1.58501889  1.57606744
  1.34152693  1.4043351  -1.87812031 -0.25756183  2.17000469  1.48209059
 -3.67863134 -5.49810843 -2.0534966   2.2212644  -2.99654399 -0.94187791
 -3.13418865  0.87738383  1.28078827  1.71683888  4.71084005  1.56964342
  4.69829513  1.52381276 -1.47422846  4.43746627 -0.84048612 -0.6470317 ]",-1.1045376084807685
"[np.float64(0.11977095276174149), np.float64(0.04970210275628528), np.float64(-0.00676304348640413), np.float64(0.32157836970229736), np.float64(-0.21553428725435986), np.float64(-0.28764437178139246), np.float64(0.34124872726010186), np.float64(0.2029277026279945), np.float64(0.10560834511008986), np.float64(-0.08983320842331588), np.float64(-0.058408364122380055), np.float64(0.08070342692523988), np.float64(0.2726291240049251), np.float64(0.004767952289028607), np.float64(0.2797425885541694), np.float64(-0.407506560171028), np.float64(-0.14115276339576777), np.float64(0.06264837230574094), np.float64(0.42740205522682295), np.float64(-0.10463407086800476), np.float64(-0.21842402675902026), np.float64(0.20548657064268858), np.float64(0.05145266643930019), np.float64(-0.3579702021869449), np.float64(0.18468154556024308), np.float64(0.042601908115937795), np.float64(-0.33734315548823296), np.float64(0.4234957105526699), np.float64(-0.5099536791706464), np.float64(-0.02161566261057682), np.float64(0.3579861944612227), np.float64(-0.1936114713738763), np.float64(-0.058183452617607614), np.float64(-0.7254832187309269), np.float64(0.4177195442037781), np.float64(0.17880988038126092), np.float64(0.23477467482108438), np.float64(0.30764456723268796), np.float64(-0.04291943682615972), np.float64(-0.01522031255384013), np.float64(0.07864340035749355), np.float64(-0.08031255335672415), np.float64(-0.08864233635121915), np.float64(0.6861416658907511), np.float64(-0.313413342507161), np.float64(0.012241161704072129), np.float64(-0.1540806979453041), np.float64(-0.17802187072013123), np.float64(0.5515534079985107), np.float64(0.28880996243179435), np.float64(-0.08041287685169017), np.float64(0.023615272306299978), np.float64(-0.5892062803563093), np.float64(0.014128690729468797), np.float64(-0.09951501899118227), np.float64(0.2359958001497747), np.float64(-0.4350507291532545), np.float64(0.06800036912397558), np.float64(0.07448189916178326), np.float64(-0.38362584941545635), np.float64(0.14922766043758157), np.float64(-0.4326167706732795), np.float64(-0.19641994192635673), np.float64(-0.13160342799616415), np.float64(0.017928872207404266), np.float64(0.06730983426902977)]","[ 5.88005483e-02  1.57105251e+00  1.56972713e+00 -1.61870435e+00
 -1.33673253e+00  1.67798761e-01 -7.26631358e-01 -1.22388633e-01
  4.03180524e+00 -1.64425139e+00 -1.53952520e+00  1.57035797e+00
  8.20022596e-02  1.57049285e+00  1.62715791e+00 -1.14036814e+00
  1.57095282e-01  1.02181947e-01  3.09612777e+00  3.09841912e+00
  3.32944927e-01 -2.21356859e-02 -1.61356327e+00 -2.40825907e-02
  1.57028138e+00 -1.55701083e+00 -1.56793202e+00 -1.57490989e+00
 -1.56354662e+00 -1.56944107e+00 -1.57525464e+00  1.57858040e+00
 -1.57354027e+00  2.86509191e+00 -3.15398014e+00 -1.85823303e+00
 -3.45449241e-04 -3.25464462e+00 -3.70678132e-01 -3.08842069e+00
  2.77993878e-02 -1.45403669e-02  1.46074470e-02 -3.11577985e+00
  3.12430499e+00  3.35122530e+00  4.44315991e+00  1.52683872e+00]",-1.3378023591967576
"[np.float64(0.09839283017111497), np.float64(0.11026254580186362), np.float64(0.3927848569076656), np.float64(0.058053950284563574), np.float64(0.09295181285008348), np.float64(-0.0494812716004606), np.float64(-0.16155951277580757), np.float64(0.17102974438283033), np.float64(0.06897960456260566), np.float64(-0.18153298477231186), np.float64(0.33955339424428815), np.float64(0.16441414661930198), np.float64(-0.17239492163723635), np.float64(0.3893179259152199), np.float64(0.4168070696314974), np.float64(0.3291655764205024), np.float64(0.6010393871760733), np.float64(-0.1432196683902263), np.float64(-0.08470544938898825), np.float64(0.006194598846066505), np.float64(-0.09189730473438047), np.float64(-0.28090230770398206), np.float64(-0.1374639322490547), np.float64(-0.4391261742391608), np.float64(0.32859462474225387), np.float64(-0.3965497082086655), np.float64(-0.4959460133491158), np.float64(0.08307741578811864), np.float64(0.24949195592675452), np.float64(0.33579012111658335), np.float64(0.524294910869931), np.float64(0.07263398009298877), np.float64(-0.3237242218507866), np.float64(-0.3992630808473822), np.float64(-0.02061588592361479), np.float64(0.2902534933950115), np.float64(-0.05667120485525566), np.float64(0.30887353861159883), np.float64(-0.1448768511406896), np.float64(-0.16819613048226087), np.float64(0.20799867408622333), np.float64(0.24386371479109462), np.float64(-0.2344613123324463), np.float64(0.5133034983458424), np.float64(-0.07179331087125054), np.float64(-0.13773072916179002), np.float64(-0.23854681121980262), np.float64(0.18552537857752552), np.float64(0.2349153679273354), np.float64(-0.33872634227524656), np.float64(0.14074109534052645), np.float64(-0.12087446084294205), np.float64(0.3206313492373579), np.float64(0.24695050674945027), np.float64(-0.47015043199403095), np.float64(-0.38119695877732773), np.float64(-0.2646182284087042), np.float64(-0.288867198956701), np.float64(0.16573936623958702), np.float64(-0.12561329598007773), np.float64(0.17204883160517007), np.float64(-0.26938932620662037), np.float64(0.19022012487951845), np.float64(0.23014037575871316), np.float64(-0.1918412091126283), np.float64(-0.2055219896966363)]","[-1.00905353  0.10789139  0.99430125 -3.74845668 -1.8977452   2.9381298
 -2.11084938 -1.57068342 -0.01642822 -1.52784472  0.13245828 -1.57109008
  1.57924315  1.57172429 -1.57153547 -1.57050417 -1.56923499 -1.57271604
 -1.57145722  1.757826   -4.52696946 -1.47073284  1.49765925  1.57114884
 -3.24924467 -0.99477591  2.09775563 -1.38528796  2.248759   -1.4230531
 -0.33910003  0.76647765  0.80826963 -2.82858514 -0.73566032  1.60546281
  3.14198507  3.61528567  2.2363955   1.24366982  4.57981024 -1.5606636
  4.72251153 -1.46991475 -1.79892357 -2.12450494  3.6167827   3.16243185]",-0.8056979814673468
"[np.float64(0.20194008052822784), np.float64(-0.5015486844551371), np.float64(0.42322428575932247), np.float64(0.3838883555997317), np.float64(0.3199145961975094), np.float64(-0.5350140319394531), np.float64(-0.2554653424213219), np.float64(0.036533840715245826), np.float64(-0.02596859387806549), np.float64(-0.23330635758447923), np.float64(0.11016704123561587), np.float64(0.07812664849455732), np.float64(0.05280723419483105), np.float64(0.7081943615305533), np.float64(0.10010901254622812), np.float64(-0.28513356687031727), np.float64(-0.13204327520780898), np.float64(-0.01873453272350961), np.float64(-0.11135977935421111), np.float64(-0.045636735734121865), np.float64(0.169945217291859), np.float64(0.04586820517949767), np.float64(0.12258599190032111), np.float64(0.2451694605227669), np.float64(-0.3863490679307382), np.float64(-0.14540513819875528), np.float64(0.572989780703329), np.float64(-0.0651937134194245), np.float64(-0.8743753923219799), np.float64(-0.14852393832266209), np.float64(0.27842280198895564), np.float64(-0.4155328946911969), np.float64(0.09671144139022377), np.float64(0.1679658960466499), np.float64(-0.1300572874341665), np.float64(-0.19983496140092233), np.float64(0.30951067991781406), np.float64(0.24954868817499604), np.float64(0.1619953515731564), np.float64(-0.18710842367353292), np.float64(-0.09518562189500374), np.float64(-0.2687506097294842), np.float64(0.24913453436015126), np.float64(-0.4596411125505632), np.float64(-0.03940045009595881), np.float64(-0.3085145169547653), np.float64(-0.0163346945416951), np.float64(0.2323038165064012), np.float64(0.2314394916474105), np.float64(-0.05545118236629298), np.float64(-0.5041364337582562), np.float64(-0.12980136410687476), np.float64(-0.1521167526538674), np.float64(-0.18036645763667394), np.float64(0.25595269609253074), np.float64(0.07034431211614407), np.float64(0.11467919486105606), np.float64(0.06459267181371847), np.float64(0.17194484181124944), np.float64(0.4490013430288465), np.float64(-0.018285315897799716), np.float64(0.007855539497307114), np.float64(-0.4440908265323156), np.float64(0.3240323729512847), np.float64(-0.042068035270276125), np.float64(-0.02224764305619498)]","[-1.57097758 -1.57091145  1.5676515   1.20454984 -3.59644441 -0.6880141
  3.85782216  1.4958551  -1.59480965  1.5497966   1.58003296 -1.57075781
 -3.15119492 -0.15901225  2.59892076 -3.03036827 -0.11607104  3.28100448
 -1.66897634  2.25371323  3.15112357  0.07172475  3.16229421 -3.1416246
 -1.57177921 -4.70622926 -1.59410237 -1.56222218 -1.61824857  1.62484264
  0.52317615 -3.10410193  1.27831519  0.70761394  0.49977863 -1.57095069
  1.41010755  1.33048068 -0.10122491 -3.3832695  -0.20932065  1.57827792
  3.13961359 -1.61413485 -1.5506273   1.57187111  4.72289211  1.55792718]",-1.3346322097158918
"[np.float64(0.24237428219420235), np.float64(-0.3768870812922453), np.float64(0.026613874717590254), np.float64(-0.009490855160598643), np.float64(0.3650409898935625), np.float64(0.07728692559139426), np.float64(0.14229114558324582), np.float64(-0.09660014325499469), np.float64(0.3245841512845078), np.float64(-0.3809732123945082), np.float64(0.06805319765197741), np.float64(0.10282149866245725), np.float64(0.16937333532076312), np.float64(0.3402016475400153), np.float64(-0.26811123794343317), np.float64(0.18363313520185456), np.float64(-0.19331020288152437), np.float64(-0.01080849086261428), np.float64(-0.029935942017559704), np.float64(-0.024506863514811766), np.float64(-0.6069134373428979), np.float64(0.37117183536242654), np.float64(0.24302042206965224), np.float64(0.13927183597563875), np.float64(0.022515622559697863), np.float64(0.26300454770991005), np.float64(0.31190169254946326), np.float64(-0.20737632171404843), np.float64(-0.25614045355568177), np.float64(0.09313877160305806), np.float64(0.39627773144038536), np.float64(-0.09869628831333077), np.float64(-0.38122547297165), np.float64(0.01969825481319033), np.float64(-0.11970465481821128), np.float64(-0.5934942072056117), np.float64(0.08729202282507553), np.float64(0.38129130013992174), np.float64(0.31072118060443166), np.float64(0.22441477523267547), np.float64(-0.234900752991385), np.float64(-0.1525556225679653), np.float64(0.22932790626388727), np.float64(-0.07990543507244457), np.float64(0.5052824346229987), np.float64(-0.611244093537853), np.float64(0.023326497413956048), np.float64(-0.09788177325165978), np.float64(0.13422853314070737), np.float64(0.12843073181602374), np.float64(-0.41419309154347744), np.float64(0.011286137629686683), np.float64(0.4591717170473762), np.float64(-0.11861924544735962), np.float64(0.09256253909194709), np.float64(-0.04405775490241286), np.float64(-0.30778124083387737), np.float64(-0.08869609586192445), np.float64(-0.19171185304961436), np.float64(-0.1946666383828412), np.float64(0.30169659716264885), np.float64(0.02079151755944297), np.float64(0.5358421466915123), np.float64(-0.17166037012216112), np.float64(0.30969162058261585), np.float64(0.40995826041626815)]","[-1.57077923e+00 -1.57079830e+00 -1.57079542e+00  1.57080006e+00
  2.20563344e+00  1.61609587e+00 -3.48926260e+00  1.67791714e+00
  2.40150485e+00  1.54668943e+00  4.18515266e+00  1.56713915e+00
 -3.14159936e+00 -2.67444099e-02  3.47262924e-06  3.13159669e+00
 -3.12096510e+00 -6.36961696e-03  6.29849141e-03  4.37879998e-03
 -3.15020859e+00  3.12740662e+00 -3.34394496e-03 -3.14211258e+00
 -1.15693676e-05  3.14158947e+00 -2.01833538e+00  1.87326834e-02
  1.47746407e+00  2.50484386e-01  1.58535759e+00  3.29362709e+00
 -1.84110033e+00 -3.27305934e+00  8.76808293e-01 -2.94993968e+00
  4.32813462e-07  3.29702801e+00  1.35153672e-01  3.19478536e+00
  1.64215112e-02  9.29441994e-03 -3.17517147e+00 -3.14746660e+00
 -3.08850652e+00 -3.03759988e+00  1.18971802e-01  3.37227064e+00]",-1.3270244803775313
"[np.float64(0.05291113295311767), np.float64(-0.126351155871361), np.float64(0.09213286739464606), np.float64(-0.16130581616946674), np.float64(0.10763954195472224), np.float64(-0.4060355930788482), np.float64(0.011728242331514758), np.float64(-0.09864116422930251), np.float64(0.4033844304967418), np.float64(0.05099410506911205), np.float64(0.3075696249107949), np.float64(0.03874963279406939), np.float64(0.19054013332000244), np.float64(0.06209060023859899), np.float64(0.3341561430335641), np.float64(0.159984898534126), np.float64(-0.07938560119502061), np.float64(0.2416278378326968), np.float64(0.18220832227646566), np.float64(0.21436380233291985), np.float64(0.1364181559183844), np.float64(-0.07055877974077711), np.float64(-0.1282541541429389), np.float64(-0.05698232554302896), np.float64(-0.7781276482374264), np.float64(0.061459970584953054), np.float64(-0.37148663594641546), np.float64(-0.11345002436365677), np.float64(-0.12646632471803135), np.float64(-0.06760426239646664), np.float64(-0.4596798030166719), np.float64(0.3681148528468208), np.float64(0.4328022747190815), np.float64(0.3081777883547507), np.float64(-0.09863458316729078), np.float64(0.013615033504042114), np.float64(0.3117497021451626), np.float64(0.0007065178261595865), np.float64(0.9080486193205692), np.float64(-0.337665672319488), np.float64(0.09323067763584922), np.float64(-0.2448641259204103), np.float64(-0.28949428840890384), np.float64(0.17432895914249083), np.float64(0.15713502269115157), np.float64(-0.5302957129118708), np.float64(-0.5683856839881843), np.float64(-0.02429619249741913), np.float64(-0.23037476796495596), np.float64(0.25494810795936934), np.float64(0.08604164808238887), np.float64(-0.03149202718288168), np.float64(0.6070372620936267), np.float64(0.42680762789754184), np.float64(-0.32649009617529867), np.float64(0.0026989158595081162), np.float64(0.21285060929155375), np.float64(-0.0944766314286379), np.float64(0.17346360721122486), np.float64(0.11056215521253349), np.float64(-0.2846424705242471), np.float64(-0.49979606906271706), np.float64(0.07320901604573146), np.float64(0.7050518770568646), np.float64(-0.2414625866580867), np.float64(-0.1996582495682223)]","[ 1.50650040e+00  7.20288189e-05  1.55488540e+00 -2.58871157e-01
 -2.86434068e+00 -9.66245393e-02  3.18128766e+00 -3.94717770e-02
 -6.75422779e-03  3.16752417e+00  3.16668213e+00 -1.57084664e+00
 -2.19456446e-01  2.92310514e+00  1.57079991e+00  1.57083313e+00
  1.57079862e+00 -1.57080088e+00 -1.57079331e+00 -1.57081421e+00
  1.57079851e+00 -1.57078235e+00  1.57079490e+00  1.54470509e+00
  1.57084205e+00  3.41170261e+00 -2.09277067e+00  5.96307870e-01
 -1.04916592e+00  2.12614689e+00 -2.61817667e+00  7.52420530e-01
  2.27083008e+00 -6.88651424e-01  2.73235848e+00 -3.14175194e+00
  1.57056817e+00 -1.57004326e+00  1.84983214e+00 -1.48712980e+00
 -1.46140325e+00  1.65349005e+00 -1.60250568e+00  1.54071514e+00
  1.57443206e+00 -1.54723606e+00  1.57339217e+00 -1.57393489e+00]",-2.3349315771392867
"[np.float64(0.07010266731445432), np.float64(-0.2718241218521665), np.float64(0.055920740593253325), np.float64(-0.008417924418852486), np.float64(0.36236774707654684), np.float64(-0.09050755024733692), np.float64(0.16280902343618397), np.float64(-0.06180846664671616), np.float64(-0.36838093084331036), np.float64(0.36946041852639544), np.float64(-0.6977373361821431), np.float64(0.08361257357586632), np.float64(0.2688578231402163), np.float64(0.06355498230528366), np.float64(0.03233707950340602), np.float64(0.2777468464468147), np.float64(-0.027399579510275402), np.float64(-0.37533696421749674), np.float64(-0.13585544593211724), np.float64(0.37510775339581165), np.float64(-0.49224826010270745), np.float64(-0.007147160016826023), np.float64(0.1457728755784087), np.float64(0.12800463795453976), np.float64(0.2526754928441329), np.float64(0.16638804611706365), np.float64(-0.5456523907593269), np.float64(0.5503120830029264), np.float64(-0.10220737569749613), np.float64(-0.014602869758373617), np.float64(-0.08794458707817229), np.float64(-0.4641412915156458), np.float64(0.043719703336422534), np.float64(-0.11115222613712697), np.float64(0.16052203211991897), np.float64(-0.08296248015591158), np.float64(-0.14849274040424293), np.float64(-0.3099563208172035), np.float64(0.11402143091050918), np.float64(-0.045554766550624536), np.float64(0.09535234113114764), np.float64(0.009663367620803052), np.float64(0.06596585322107525), np.float64(-0.34748701389576886), np.float64(-0.5055975191381873), np.float64(0.3759140521319908), np.float64(-0.09803860047238468), np.float64(0.11614317621358403), np.float64(-0.06724235685457504), np.float64(-0.0329391927747798), np.float64(0.6998930253703504), np.float64(0.11653574602089056), np.float64(0.47053583484542216), np.float64(-0.03998189681911421), np.float64(-0.2403377204038928), np.float64(-0.157103359430162), np.float64(0.030267173640135696), np.float64(-0.2580979394822089), np.float64(-0.24213809529779284), np.float64(0.18588976052251513), np.float64(0.08653391878369858), np.float64(-0.08269244098246506), np.float64(-0.3738164769201933), np.float64(-0.07800906989379758), np.float64(0.13394533031675387), np.float64(-0.2186609012926513)]","[ 2.84933781 -3.7718199   2.84723821  1.56999897 -3.14030336 -1.5053984
 -0.02943537  1.56370974  2.57902817  2.99846751 -0.42466286  1.57042984
 -1.56999319 -1.55305439 -1.58074013  3.26764499  3.26814325  3.22297292
 -0.08185585 -1.57749061 -1.56760872  1.56660521 -1.57239139 -1.5684385
 -0.63265081 -0.29323385 -0.79284385  0.93618957  1.00683707 -3.98738394
  0.36268545  1.98655948  1.52802177  1.78508602 -2.8282509   1.03166487
  3.14535184  1.18258388 -1.7718359   1.45814493  1.60414264 -4.69708067
 -1.58083783  1.57585166 -4.72292076 -1.47344858 -4.39854753 -0.93084895]",-1.5455422840409483
"[np.float64(0.16972466794589947), np.float64(-0.14043767776165128), np.float64(0.051551650117113546), np.float64(0.23129239824373218), np.float64(-0.35398035671086286), np.float64(-0.23111907276928367), np.float64(-0.01496478963608589), np.float64(0.5318110703006163), np.float64(0.04437468137821281), np.float64(0.6738519473301128), np.float64(-0.11781075144243956), np.float64(0.41231363685198047), np.float64(-0.11871494831887038), np.float64(-0.2175714039407935), np.float64(-0.11499389728427252), np.float64(-0.1907680545779299), np.float64(-0.1317160367797881), np.float64(0.02309063289046859), np.float64(0.17861144582817948), np.float64(0.777519967427278), np.float64(0.024724688004018232), np.float64(-0.032088788670725905), np.float64(0.25554138675460997), np.float64(-0.045493038949954996), np.float64(0.040819507115627915), np.float64(0.10776425489799865), np.float64(0.03554597881386675), np.float64(0.08840000787849991), np.float64(0.1366718956783271), np.float64(0.5420757889254829), np.float64(-0.0976783349033313), np.float64(0.08266007640672819), np.float64(0.4282885228494405), np.float64(-0.3585037646514102), np.float64(0.14191865447642873), np.float64(0.2809933811119133), np.float64(0.010688142010204413), np.float64(-0.43672641231230525), np.float64(-0.01642093813581208), np.float64(-0.26042903521807814), np.float64(0.22877715235037194), np.float64(0.37258861651168484), np.float64(0.06213875385426322), np.float64(0.19826468744394996), np.float64(0.28439799596975923), np.float64(0.5393507964792212), np.float64(0.021862292240377536), np.float64(0.39114731048832563), np.float64(-0.08770724399307413), np.float64(0.23137367519888635), np.float64(0.31232548555457196), np.float64(0.26451161100409554), np.float64(-0.4889998875564088), np.float64(0.44914564445947147), np.float64(0.25927860213714415), np.float64(0.39791185589210326), np.float64(-0.15429419910932693), np.float64(-0.17200948309322964), np.float64(0.07533058332058183), np.float64(-0.11701619238684197), np.float64(-0.18351917607354346), np.float64(-0.5269363881027108), np.float64(-0.10327593028707614), np.float64(-0.32892268896246374), np.float64(-0.19029894715766407), np.float64(-0.3611268451655242)]","[ 2.99153723 -2.6760135   2.06895083 -2.32988978 -2.12453304  0.17313265
 -2.30007744  3.53180765  0.60187366 -2.5464554  -3.41904164  1.52393725
 -1.57331272  1.58516038 -1.35571514  1.57698131  1.50136613  1.51054211
  1.57722195 -1.55061755  1.58286673  1.55563881  1.57713865  1.56025584
 -1.79999485 -2.71000769 -0.46920315 -1.72814784  0.78566836 -1.83481642
  1.90773984  1.68912551  1.68565882  1.69925286  1.78410575  1.4918588
  1.49549118 -4.74423     1.59758547  1.58769349  1.58754247  1.59209142
  1.59329703 -1.60197706  1.57922404 -1.56756415 -1.56002434 -4.74971204]",-2.1168482621969815
"[np.float64(-0.26239750246886706), np.float64(0.38243752712304463), np.float64(0.3905785158006117), np.float64(-0.2623481354940286), np.float64(-0.21124036444603028), np.float64(-0.6311397741177298), np.float64(-0.037471713786649284), np.float64(0.4839083053281799), np.float64(0.10365259025266874), np.float64(0.15665257154561993), np.float64(0.19473858493552235), np.float64(0.3668096917145667), np.float64(-0.1453471690741671), np.float64(-0.4591101386163454), np.float64(-0.22803695733092116), np.float64(0.1393042085690075), np.float64(-0.07746495695589241), np.float64(-0.21181682979621855), np.float64(0.22618557775810819), np.float64(-0.5697623807104613), np.float64(-0.18094162663389904), np.float64(0.571855903145672), np.float64(0.07740058212564387), np.float64(-0.23117531221334248), np.float64(0.3326596054540651), np.float64(0.2700454682660162), np.float64(-0.16262185807231), np.float64(0.00016435598538701708), np.float64(-0.26863520071901215), np.float64(-0.009118256004837495), np.float64(0.2829744287337453), np.float64(-0.34372505197426256), np.float64(-0.12345607477345923), np.float64(0.194306862684249), np.float64(-0.2129386643599212), np.float64(0.3447040489544655), np.float64(-0.11982409385191836), np.float64(0.024456891246003896), np.float64(-0.5171156743700209), np.float64(-0.3175777263628358), np.float64(0.20975612710652947), np.float64(0.21664391491593266), np.float64(-0.37665946330218786), np.float64(0.1432786262331713), np.float64(0.013994646266871429), np.float64(0.08020607545571613), np.float64(-0.389630272782147), np.float64(0.13584947794769928), np.float64(-0.3092116110247059), np.float64(0.3979354717166453), np.float64(-0.02735537708984015), np.float64(-0.00045350013750621374), np.float64(-0.0128409386977321), np.float64(-0.21783764405684022), np.float64(0.06660303232586173), np.float64(-0.012699999739257336), np.float64(0.09330972914854026), np.float64(-0.046322009582994435), np.float64(-0.6730626235990037), np.float64(-0.14664332202407707), np.float64(0.29290954170314454), np.float64(0.6024274286416748), np.float64(-0.02053784899552386), np.float64(-0.0727794389556417), np.float64(-0.13924595078714502), np.float64(-0.7240354538611846)]","[ 2.76293855  1.23338762 -0.47165849  1.75242466 -1.39344446 -0.22876939
  1.58346098  0.04758529 -1.58512863  2.39506953  2.30050433 -1.56921447
  1.5595197   1.54574834 -1.69336409  1.55087788  1.59982316 -1.58782331
  0.33492561  2.85044007  1.6480965  -1.48436578 -1.48288322 -4.73521131
 -0.57123504  1.54072207 -2.60645613 -0.89988453 -0.3930375  -0.75288741
 -2.44600768 -2.42120883 -1.32829844 -1.07212495  2.55821817 -1.63485287
  1.6413562  -1.62684326 -1.55648381 -4.63010522  1.44384163 -1.7080725
  1.72405442 -1.65161243  1.54515322  1.55279845  1.58123348  1.52483421]",-1.6212155331495524
"[np.float64(-0.0005908999333144593), np.float64(0.009862272993243002), np.float64(-0.11037999606159442), np.float64(0.00856171384172461), np.float64(-0.786100738486238), np.float64(-0.12091340312872512), np.float64(-0.3278171325674174), np.float64(0.15948481356929878), np.float64(-0.0458417840786766), np.float64(0.12982891198149377), np.float64(-0.10095883660375075), np.float64(-0.22171554284161343), np.float64(0.016738449361867285), np.float64(-0.6972731626372805), np.float64(0.7227150895302943), np.float64(0.37816499953902405), np.float64(0.33406778506965695), np.float64(0.31503979325684295), np.float64(-0.1681079083908621), np.float64(0.3110815325503712), np.float64(0.10189591710485096), np.float64(0.11834197471397805), np.float64(0.13375981616663066), np.float64(-0.028420012595449663), np.float64(0.13580857124886017), np.float64(0.10962316260559556), np.float64(-0.4983651358308298), np.float64(-0.017612720974497325), np.float64(-0.024042727308262367), np.float64(0.2300052000696389), np.float64(0.5534592431571695), np.float64(0.004194029347779157), np.float64(-0.3071596274551483), np.float64(0.11561441993640378), np.float64(0.1087630378480841), np.float64(0.0668308770209868), np.float64(-0.016523203425897855), np.float64(0.37704381311281765), np.float64(0.15197530498448547), np.float64(0.185897130429275), np.float64(-0.2643785580156165), np.float64(0.2922566675366668), np.float64(-0.3767480963224293), np.float64(0.41989889304013855), np.float64(-0.0863999611193083), np.float64(-0.02954320124483886), np.float64(0.0970952734688079), np.float64(-0.09575855432170242), np.float64(0.10834474120425223), np.float64(0.5940592700637618), np.float64(0.31145364506098816), np.float64(0.037033318829009676), np.float64(0.06940187653723984), np.float64(-0.18637883523498605), np.float64(-0.09513980028367591), np.float64(-0.030186307138807964), np.float64(0.23162138121001644), np.float64(-0.15998292431936278), np.float64(-0.03455773969596722), np.float64(-0.15024622223444764), np.float64(0.18362099787370958), np.float64(-0.1946290658956213), np.float64(-0.05078466022853204), np.float64(0.35769227869209047), np.float64(-0.19209642758733086), np.float64(-0.10527975996266843)]","[ 2.20988169e-03  3.14039915e+00  1.36725170e-03  8.09269271e-04
  1.28010556e-03  3.14052747e+00 -1.59875839e-03  3.14260237e+00
 -8.81728561e-04 -3.13635120e+00 -3.15447319e+00 -6.27963981e+00
  4.60587983e+00 -1.60675706e+00 -1.60478406e+00 -1.91948574e+00
 -2.23221039e+00 -2.99854826e+00 -3.22621094e+00 -8.34041238e-02
  3.38161594e+00  4.39964848e-01 -1.51833168e+00  1.57223889e+00
  1.57440114e+00 -1.57244009e+00 -1.56917336e+00 -1.57246799e+00
  1.57331111e+00  1.57049325e+00  4.69249422e+00  1.57428383e+00
  1.20519156e+00 -1.74142227e+00 -1.56621382e+00 -1.57143745e+00
  1.60887371e+00 -1.56983825e+00  1.40699323e+00 -1.02959227e+00
  3.12319542e+00 -3.07044173e+00  2.88828386e-02 -3.51145605e+00
  2.93957620e+00 -1.57826297e+00  1.56556881e+00 -1.57167914e+00]",-2.0897404753795854
"[np.float64(0.5058540433581541), np.float64(-0.20809077001129636), np.float64(-0.25601705445672596), np.float64(-0.12238652977813899), np.float64(-0.3333104040850285), np.float64(0.04417243019170362), np.float64(-0.020723405906148493), np.float64(0.2752181949888634), np.float64(0.2278368829819439), np.float64(0.027401394714952215), np.float64(0.13173059851579758), np.float64(0.1799099229522346), np.float64(-0.5699513886500603), np.float64(-0.02778845425492702), np.float64(-0.25467421684595076), np.float64(0.6350705083633682), np.float64(-0.3029100970697465), np.float64(-0.20734375326827525), np.float64(0.13282934606414523), np.float64(0.07916083896943474), np.float64(0.10282220891668886), np.float64(-0.4049888348101412), np.float64(-0.31929985856582394), np.float64(-0.04824911897816603), np.float64(0.253950397039), np.float64(-0.047535981404716876), np.float64(0.4013248886674249), np.float64(0.3826476798082351), np.float64(0.0953305270810997), np.float64(-0.05862582690468132), np.float64(-0.34517357580978203), np.float64(0.1772022106212077), np.float64(0.9378567061563322), np.float64(-0.028505468843861147), np.float64(0.44487208928293426), np.float64(0.03872006978952878), np.float64(-0.41978903001615), np.float64(-0.022668516413238308), np.float64(0.06482595661407568), np.float64(0.14672562285518645), np.float64(0.6002915771584137), np.float64(0.1372107416773104), np.float64(-0.04016558038222043), np.float64(0.047574043397056925), np.float64(0.30959872875729494), np.float64(0.07972834828358505), np.float64(0.3070013541930056), np.float64(0.3041451817202831), np.float64(-0.1849727056147889), np.float64(-0.009810478614351418), np.float64(0.1950060837602145), np.float64(0.146034706129416), np.float64(-0.37167038105949896), np.float64(0.15844571686513287), np.float64(0.10002900009747778), np.float64(0.49038693366158564), np.float64(0.27718667865179336), np.float64(0.08754175333300566), np.float64(0.34886424621496726), np.float64(-0.08052473987866134), np.float64(0.24243653511812735), np.float64(-0.45621052519709343), np.float64(-0.1049982603104979), np.float64(0.29530000476846513), np.float64(0.07454220695603919), np.float64(0.07472532381442161)]","[ 1.47367831e-02 -2.06743610e-01  4.87723909e+00 -1.58837678e+00
 -1.78166420e+00  1.59120456e+00 -1.21527381e+00 -1.67702494e+00
 -3.79846588e-01  7.88820508e-01 -1.73348905e-01 -2.93009196e-01
 -8.34201729e-01 -2.13842413e-01  1.72045472e+00 -1.57253624e+00
 -1.56995868e+00 -1.57163042e+00 -1.56672549e+00  1.52273266e+00
 -1.51309572e+00  1.58696409e+00 -1.58813065e+00 -1.56640737e+00
 -1.86072306e+00 -1.52673065e+00 -1.57207384e+00  1.58090569e+00
 -1.57056106e+00  1.61302783e+00  1.70834193e+00  1.99229742e+00
  6.34621599e-01 -1.23529440e-01 -2.91899485e-01 -1.57835620e+00
 -3.16983580e-03 -3.35580779e-02 -2.92177568e+00 -3.33614908e+00
  2.56233921e-01  2.88508051e+00  2.05998432e+00 -1.08179766e+00
  3.33284793e-01  3.52177273e+00 -3.28913568e+00  2.94007978e+00]",-1.4744873813160666
"[np.float64(-0.18708839462863172), np.float64(0.10584194653861005), np.float64(-0.1363047615574311), np.float64(0.23243236023666092), np.float64(-0.13569076011360803), np.float64(0.3737701167602057), np.float64(0.3828020709047558), np.float64(-0.24724818026595377), np.float64(0.09998163082028594), np.float64(0.10902198248632095), np.float64(-0.4860597242486727), np.float64(-0.46155448629461615), np.float64(0.2463232050384464), np.float64(0.25192729325916935), np.float64(-0.09336560674211065), np.float64(-0.43532596837723236), np.float64(0.3347996620074314), np.float64(0.20847468849589829), np.float64(-0.4346000347112203), np.float64(0.45587478408686644), np.float64(-0.05143083261102542), np.float64(0.527271972175208), np.float64(-0.16405496757586255), np.float64(-0.04891051705282428), np.float64(0.01263021678458842), np.float64(0.14082702100385439), np.float64(0.24476194928770462), np.float64(0.4020388467919343), np.float64(-0.03565447012395284), np.float64(-0.5533411741982713), np.float64(0.3759249820328134), np.float64(-0.15390458687234815), np.float64(-0.19119911023035252), np.float64(0.039787750250800724), np.float64(-0.18850095359403396), np.float64(-0.0644874277330564), np.float64(-0.08108138439819479), np.float64(-0.13940659410903722), np.float64(0.13818497664564658), np.float64(0.21364709884361227), np.float64(0.4207574098715944), np.float64(0.0018959908242791054), np.float64(-0.23479848735912162), np.float64(-0.14180690515282116), np.float64(0.42298937287075594), np.float64(-0.23937300996052535), np.float64(0.17078421282113326), np.float64(0.3144754752683013), np.float64(-0.331670169033233), np.float64(0.22743252854901722), np.float64(-0.1371161034037285), np.float64(0.022015622397126153), np.float64(0.3308646849155055), np.float64(-0.4845330942406871), np.float64(0.0434535828540326), np.float64(-0.4891522889839921), np.float64(-0.32753796748600134), np.float64(-0.27588993999644007), np.float64(0.18804360025542555), np.float64(0.15327188454079274), np.float64(-0.2344933388797126), np.float64(0.011672114586857503), np.float64(-0.13738884138608642), np.float64(-0.35703512519057007), np.float64(-0.33939032949658404), np.float64(0.23472430830442145)]","[ 3.02657523 -1.60719499  0.00937768 -1.65852933 -3.14387553  1.59995443
  0.0056754   1.85975414 -0.00538401  1.56857676  0.06486702 -1.51237919
 -1.57587462 -3.66254122 -0.51967345  0.16491598  3.31436254  3.12648735
  3.13376166  0.00502661  0.006184    1.56732934 -1.57007302  1.57090866
  0.01803771 -1.129345    1.96404783 -3.09964453  1.46927172 -0.10526856
  1.64155258  3.12957063  1.75692564 -0.46132044 -4.08175899  0.01470007
 -1.57302107 -1.23792989 -2.91362517  0.12614797 -0.16381947  3.12094318
 -3.25253486 -0.24820373 -2.24034206 -1.29735942  1.58119842 -1.56024628]",-1.5388014948603086
"[np.float64(-0.1766296843577453), np.float64(-0.3380764614347972), np.float64(0.04661705033304763), np.float64(-0.014527915021066387), np.float64(0.5886504793800258), np.float64(0.0850979948883829), np.float64(0.5155875991741441), np.float64(0.2958530053601346), np.float64(0.005773482695147067), np.float64(-0.5748027144812023), np.float64(-0.19595378798455126), np.float64(0.03142958684020517), np.float64(0.258498707570708), np.float64(0.0934912130732381), np.float64(-0.31890606706261004), np.float64(0.04226179917189386), np.float64(-0.11560285711216872), np.float64(0.04899538729827319), np.float64(0.26465575717125467), np.float64(0.14564782258364276), np.float64(0.5079081219750412), np.float64(-0.242164261877356), np.float64(0.3195411660355732), np.float64(0.198353425567135), np.float64(0.28868822559233304), np.float64(-0.004263055204024774), np.float64(0.17241047476201846), np.float64(-0.23048788007953383), np.float64(0.15939906502226148), np.float64(0.46498003705838437), np.float64(0.04227152503724096), np.float64(-0.0605892221333143), np.float64(0.21322243670405203), np.float64(-0.29087130889831064), np.float64(0.19228446285742742), np.float64(0.1834078404210811), np.float64(-0.2969626673401433), np.float64(0.26282899729509895), np.float64(-0.39947067416371834), np.float64(0.047105127002946605), np.float64(-0.06851335841696847), np.float64(0.1447193089783516), np.float64(-0.100569535054631), np.float64(0.19858339243208906), np.float64(0.6026920213957758), np.float64(-0.16779133117029144), np.float64(-0.4513696814203363), np.float64(-0.28727075804818014), np.float64(-0.16533813501112635), np.float64(0.0610287990678374), np.float64(0.05162301926734107), np.float64(0.33915019294891874), np.float64(0.3367208569196389), np.float64(-0.14464848549841863), np.float64(0.10107227607147926), np.float64(0.14294882864843983), np.float64(0.3070740251479563), np.float64(-0.2159926155795189), np.float64(-0.22816605329972905), np.float64(-0.21982738740579266), np.float64(0.25915484567544406), np.float64(0.1893096295132933), np.float64(0.22470511524033243), np.float64(-0.8665717601808225), np.float64(-0.23891558854758077), np.float64(0.07864430028062838)]","[ 2.35741836  0.02421234  4.723445    4.28368404  5.34451335  0.7997836
  0.06348178  3.22397346 -2.19440748 -4.76203673  0.02032896 -1.62029825
  2.33688884  2.93315982 -1.56183646  1.55265539  1.57404628 -1.57323436
 -4.71213906  1.56500582 -1.58686365 -0.31123218  0.30848067  1.58851524
 -3.09999632 -1.5855135  -1.57888513 -1.57179996  1.57669053 -1.57392334
 -4.72509938 -1.57683599 -1.50122173  2.59985648 -1.49349265  1.96135177
  0.03063558 -0.8751413   1.27486909  4.57480757  1.58747176  1.56240998
 -1.56208433  1.46526824 -0.01139547  3.18053731  3.36643838 -1.94595101]",-1.7942567061027148
"[np.float64(0.2581145907456948), np.float64(0.09663614990721606), np.float64(0.1033237195790076), np.float64(0.3863524899784612), np.float64(0.008891752321755493), np.float64(-0.018475835022967377), np.float64(0.014007560256543483), np.float64(0.2177968060892365), np.float64(-0.1365228419828478), np.float64(0.608908560541223), np.float64(-0.19339853063215146), np.float64(-0.04635744142140248), np.float64(0.22169479001582804), np.float64(-0.05672415467631023), np.float64(-0.21535411619192094), np.float64(0.5057823869174963), np.float64(0.031515506325711824), np.float64(0.5031377620350009), np.float64(0.25024023496115905), np.float64(-0.11028169917361999), np.float64(-0.22329952879822304), np.float64(0.10574861644445538), np.float64(0.10463812015901236), np.float64(0.18022478904764996), np.float64(0.2316734318687728), np.float64(-0.11523971585581651), np.float64(0.11003596327388349), np.float64(0.3097324462807914), np.float64(-0.18810974273965705), np.float64(-0.27216819677599247), np.float64(0.08340134188259983), np.float64(0.14475592685334343), np.float64(-0.021258181902125726), np.float64(0.3296119457423486), np.float64(-0.23601518054248477), np.float64(-0.1462520014963406), np.float64(0.006416728839398403), np.float64(-0.02608371408764498), np.float64(0.10965777120995598), np.float64(-0.5813318022191516), np.float64(0.19273031773898644), np.float64(0.34850980502296064), np.float64(0.8005583507025333), np.float64(-0.13760983908952923), np.float64(-0.23953723710761723), np.float64(0.1872532902419877), np.float64(-0.17732517877438192), np.float64(0.5105803869041208), np.float64(0.09264932014017097), np.float64(0.0319827901830251), np.float64(0.1360211061181371), np.float64(-0.3082034417600832), np.float64(0.13322394174038032), np.float64(-0.23775654212346672), np.float64(-0.16202886752056397), np.float64(-0.3469964403718995), np.float64(-0.42904371583222073), np.float64(-0.054487639993878456), np.float64(0.003996535281547155), np.float64(-0.2552251486266033), np.float64(-0.12174980904918911), np.float64(-0.07603743603642263), np.float64(-0.38307832598610814), np.float64(-0.5754100829947163), np.float64(-0.42089108746626186), np.float64(0.00017886287913424303)]","[-3.19700939e-01 -1.57073200e+00  1.57080037e+00 -1.81257649e+00
  1.64671062e+00 -1.48890120e+00  1.52513654e+00 -1.52364616e+00
  1.27928921e+00 -1.56991252e+00 -1.49648100e+00  1.57413121e+00
 -2.75253441e-03 -1.57061925e+00 -1.57078505e+00  1.57080386e+00
 -4.71242931e+00  1.57465404e+00 -1.54769978e+00  1.59492688e+00
 -1.48960560e+00  5.87856557e-03  1.58393306e+00  2.17192917e-02
  1.57080060e+00 -1.57078939e+00  1.57102820e+00  1.57075974e+00
  4.71221139e+00 -1.56870361e+00 -1.57075492e+00  1.58073039e+00
 -1.57048328e+00 -2.00935901e-01 -1.05026828e-01  1.55945669e+00
 -5.30037161e-05  3.26975706e+00 -3.15280146e-01  1.57645721e-01
 -2.07725232e-01  9.88018227e-02 -3.02763958e+00 -3.26224054e+00
 -3.45502483e+00 -4.71769692e-02 -1.59713328e+00 -4.82989114e+00]",-1.467408399892065
"[np.float64(0.4207293893672346), np.float64(0.2948827991805724), np.float64(-0.5002164165226626), np.float64(-0.5630090233804401), np.float64(-0.07923232474788537), np.float64(0.24211883239815468), np.float64(0.4631967360565277), np.float64(0.007323846746181776), np.float64(-0.29074594278005156), np.float64(-0.13294928357630764), np.float64(-0.08636740279754897), np.float64(-0.1282231736807828), np.float64(0.16896213115210892), np.float64(-0.04622899129739356), np.float64(-0.011679948817634034), np.float64(-0.04880991031218827), np.float64(-0.2252734988327557), np.float64(0.2699203152172173), np.float64(-0.19849190753828172), np.float64(0.2890359583339501), np.float64(0.24882527900576457), np.float64(0.18892735743057068), np.float64(0.09195769465293424), np.float64(-0.6288223577917087), np.float64(-0.19687158680374284), np.float64(0.12040165185316444), np.float64(0.036354782254883394), np.float64(-0.12522288788221614), np.float64(-0.16913436550223127), np.float64(0.06051797687538332), np.float64(0.3088842232936363), np.float64(0.1121043493838879), np.float64(-0.04726363270776793), np.float64(-0.10358156257852401), np.float64(0.12381486159645687), np.float64(-0.4611478071369333), np.float64(0.48539574399700214), np.float64(-0.20789297505930002), np.float64(-0.07988376310468923), np.float64(-0.05136296927787546), np.float64(-0.23190382043578311), np.float64(0.023374856863248986), np.float64(0.16828758189542695), np.float64(0.08861416895062953), np.float64(0.21870527558262284), np.float64(0.07567697382732967), np.float64(-0.1146887201664675), np.float64(-0.1348322220842877), np.float64(-0.30748445495615423), np.float64(0.1537418782103171), np.float64(-0.09013945568470838), np.float64(-0.04004769840476077), np.float64(0.15164917134838515), np.float64(-0.30344882654714167), np.float64(0.19740414904384762), np.float64(-0.1933984570396751), np.float64(-0.07809890077863774), np.float64(-0.37841525370104867), np.float64(0.1414708671487674), np.float64(0.3117159840337625), np.float64(-0.1325141813128333), np.float64(-0.13111900523483597), np.float64(-0.23725860236618984), np.float64(0.2031676716322015), np.float64(0.45266984449205694), np.float64(-0.5410688535684964)]","[ 1.58282952e+00 -5.56150310e-05 -4.71236967e+00  1.80235217e+00
 -3.06195502e-01  1.48686367e+00  5.53719602e-01  1.51057068e+00
  9.24167446e-02 -1.57611386e+00  3.24544460e-02 -4.71233021e+00
  1.70108492e-01 -2.96080836e+00 -1.57487595e+00 -1.56538065e+00
 -1.56400321e+00  1.60301554e+00  1.60925778e+00  1.63248281e+00
 -1.63382601e+00 -7.17121493e-01  3.89170344e+00 -1.57084731e+00
 -2.74727546e-03 -1.57053469e+00 -1.53869905e+00 -2.93696836e+00
 -1.37671572e+00 -2.50774738e+00 -1.36964599e+00 -1.84133672e-01
  1.17710848e+00  4.36724134e-01  9.38343484e-01 -2.32100261e+00
 -3.04253370e-03 -3.40974127e-01 -2.43754899e-01 -3.14034606e+00
  2.34986171e-02 -3.20575267e+00  5.14800207e-02  2.30332123e-01
  5.12874892e-01  1.17354318e+00 -1.50835238e+00  1.16140266e+00]",-1.1413031391875847
"[np.float64(-0.2744551156693471), np.float64(-0.14328040698081979), np.float64(0.21683779938868075), np.float64(-0.01680729572277732), np.float64(-0.11054983597071844), np.float64(-0.598060786832277), np.float64(0.3748258593055579), np.float64(-0.38931823333081006), np.float64(-0.15226420664933757), np.float64(0.011176629769113601), np.float64(0.17757198753184814), np.float64(0.1721396895820426), np.float64(0.37637227601933476), np.float64(-0.02947826251441177), np.float64(-0.09424932371061183), np.float64(-0.15912585321271475), np.float64(-0.28302395737391306), np.float64(0.18076094747279534), np.float64(0.559928762490159), np.float64(-0.2167604211546507), np.float64(0.6846235903362087), np.float64(0.00836034438662636), np.float64(0.12881014743947833), np.float64(0.4978812071372435), np.float64(0.16571165377416816), np.float64(0.3515954106691004), np.float64(-0.13501357866231714), np.float64(-0.1043749710668555), np.float64(0.29071547869608555), np.float64(-0.00034673656340788203), np.float64(0.38766488460421455), np.float64(-0.34520659918075786), np.float64(-0.32184722893447826), np.float64(-0.11588185885647619), np.float64(-0.14062287645528848), np.float64(0.07714819796178703), np.float64(0.09043141538901979), np.float64(-0.3732888298208832), np.float64(0.1734466213930719), np.float64(0.3990121543080435), np.float64(-0.40455154846386787), np.float64(0.05241183663017785), np.float64(-0.11958201010571506), np.float64(-0.11812590251499822), np.float64(-0.19534044724844768), np.float64(0.00541307279468722), np.float64(0.8222656033393901), np.float64(0.46134079010680595), np.float64(0.2593271654795518), np.float64(-0.0614576791094932), np.float64(0.5148207665010727), np.float64(-0.03458418114605931), np.float64(0.2762913942654414), np.float64(0.18952355184573919), np.float64(-0.05562247929708801), np.float64(-0.23156223621294672), np.float64(-0.08462600628154555), np.float64(0.06443582582079807), np.float64(-0.1607254157791573), np.float64(-0.319608721938457), np.float64(-0.048872414156884605), np.float64(-0.01838304145370065), np.float64(-0.13856409670884157), np.float64(0.5559617431845322), np.float64(-0.4422547240027444), np.float64(0.2811255691573697)]","[ 2.46391451 -4.57035025 -4.62379833 -0.93770456 -2.03362924 -0.75147429
 -0.63518663  2.59024891  1.09691975  0.53587137  3.33459713 -1.83019335
  4.53370995 -0.55157548 -1.13559164  1.30112959  1.66092102 -1.53146343
  1.55686987 -1.57715568  1.56969782  1.57133025  1.57087431 -1.57017435
  1.78096486 -1.44660937 -1.62549321 -1.52073575  1.46959456 -1.43639205
 -1.77308788 -1.55438345 -1.53857947  1.50014933 -1.64752616 -4.72436449
 -1.58825489 -1.54402034 -1.60198012 -1.60796362  1.6020192   1.5950016
 -1.55341163 -1.57762558 -4.66524353 -1.58196926 -1.56504908  4.69877348]",-2.385469236660356
"[np.float64(0.15008783618441512), np.float64(-0.13369316479851742), np.float64(0.14023832977406311), np.float64(-0.2924334689796933), np.float64(-0.17697173178886735), np.float64(-0.2722879829814576), np.float64(0.01946138463684494), np.float64(-0.6219301090276451), np.float64(-0.43628082111616756), np.float64(0.11114245340683825), np.float64(-0.2343580738204282), np.float64(0.009970828211025608), np.float64(-0.6136171091540411), np.float64(-0.5355638604062369), np.float64(-0.01832077414753311), np.float64(-0.04441607720149993), np.float64(-0.24547466464139633), np.float64(0.027250092777918785), np.float64(-0.18365984857611406), np.float64(-0.11459944740515912), np.float64(-0.03872707927761323), np.float64(-0.2373382712032536), np.float64(-0.2621372058498678), np.float64(0.6071571310001559), np.float64(0.1577609086494231), np.float64(0.06213982109092583), np.float64(-0.2563066234063835), np.float64(0.21415486876356596), np.float64(-0.22483636280560412), np.float64(0.13236647279254296), np.float64(-0.19102307877068958), np.float64(0.5793688122118112), np.float64(-0.2581700069698765), np.float64(-0.42406623286396994), np.float64(0.266602096010121), np.float64(-0.23836705912836062), np.float64(-0.1111240624916062), np.float64(0.4032164199091099), np.float64(-0.312660300501946), np.float64(-0.28300625308337657), np.float64(-0.36553176426822587), np.float64(-0.026515154173921633), np.float64(-0.060401829994738865), np.float64(0.061266355906497504), np.float64(-0.34747193856561237), np.float64(-0.15323395227058645), np.float64(-0.19969009619661823), np.float64(0.20471763670918178), np.float64(0.1466334099401931), np.float64(0.8013936207037916), np.float64(-0.67688087538025), np.float64(0.36398111601764255), np.float64(0.3314411316731013), np.float64(-0.0248792163432393), np.float64(-0.1218394690564067), np.float64(-0.3913693662169505), np.float64(0.13449767859354195), np.float64(0.2345112357349671), np.float64(-0.3673601593718239), np.float64(-0.2988706622838914), np.float64(0.33162826094885206), np.float64(-0.18029924964527605), np.float64(0.015428732252970425), np.float64(-0.0727588174207769), np.float64(0.11403488227342519), np.float64(0.7362981366342883)]","[ 0.77329496 -1.60676195 -2.72551919 -1.47046687 -2.05271036  1.56966006
 -3.15161586 -1.55851547 -3.11801572  1.57699328  2.42300182  1.57034843
 -1.56848716  1.63239654 -1.63438745 -1.58757014 -1.57413833  2.80654785
 -3.468175    3.3845014  -2.92511263  4.87865829 -1.67662299 -1.56814089
 -0.34624691 -2.22332603  4.05393627  0.40881156 -3.33282568 -1.37772512
 -2.56222824 -2.73144622  0.57293144  0.01865542 -1.44786204 -3.80853076
 -1.74977156  1.5104163   1.56192954 -1.58248087  1.57841963  1.56044927
  1.58025573  1.52937052  1.51870145  1.54817065 -4.69144694 -1.5281187 ]",-1.1724424544800058
"[np.float64(-0.4096809725971515), np.float64(0.10278428866224906), np.float64(-0.24171888478875003), np.float64(-0.03036567849020488), np.float64(0.3230533741463864), np.float64(-0.048230894188048996), np.float64(0.160667353150619), np.float64(0.32597049397113737), np.float64(0.3980852026756364), np.float64(-0.0010106481993322736), np.float64(0.12108707502184497), np.float64(-0.0057186174412749285), np.float64(-0.16294823455861193), np.float64(0.3456594967645869), np.float64(0.8473737646533378), np.float64(0.18071959575021349), np.float64(-0.24402440616425505), np.float64(-0.7895310551926696), np.float64(0.21467635731492754), np.float64(-0.40673905281611455), np.float64(0.5163731522556407), np.float64(-0.39288062257278566), np.float64(0.08180089144509857), np.float64(0.20574647849248778), np.float64(-0.46518544777206444), np.float64(0.02034748866773907), np.float64(0.16102211730642266), np.float64(-0.20358762730919783), np.float64(-0.036777676998824727), np.float64(-0.3004078296296111), np.float64(-0.26889948659284346), np.float64(0.038095702229776894), np.float64(-0.11266003343778565), np.float64(0.04636067939980409), np.float64(-0.2771939496590765), np.float64(-0.3995395396229147), np.float64(0.19269820557437153), np.float64(0.1284682087573072), np.float64(-0.12254666623291824), np.float64(0.13232153035544875), np.float64(0.02634518371125342), np.float64(-0.2403375587225244), np.float64(0.0616294286184322), np.float64(0.44215052433492236), np.float64(-0.02800206070996096), np.float64(0.41135120705033695), np.float64(-0.13942604924796134), np.float64(-0.2758305401580078), np.float64(0.14973421433480386), np.float64(0.6055183912361402), np.float64(0.08280968447526915), np.float64(0.28660245524274713), np.float64(0.1523897531527424), np.float64(-0.37790417936792625), np.float64(-0.18217693858612136), np.float64(0.10133412574206757), np.float64(-0.03977724256033092), np.float64(0.6088589746182693), np.float64(0.06382069552995584), np.float64(0.031246741514130153), np.float64(-0.47120931879146927), np.float64(-0.23804220968518583), np.float64(0.23544490351602174), np.float64(0.17066675921654786), np.float64(0.21267984591074499), np.float64(0.4682690231888879)]","[-1.56557661e+00  3.14204567e+00  1.57083505e+00  3.14166131e+00
  1.58566779e+00  2.15387118e-04 -1.54062902e+00  1.54058831e-03
  1.57045049e+00 -1.57034061e+00 -3.13542295e+00 -1.57075975e+00
 -1.92374178e+00  1.21878291e+00  8.60163679e-02 -8.59626093e-02
  3.77121032e-01 -3.51924617e+00  2.56796764e+00  5.73383479e-01
 -1.57051404e+00 -3.19044318e+00  3.08857085e+00  1.57078294e+00
 -3.58351656e-04  1.57011086e+00 -2.80361667e+00  7.11512561e-01
 -1.23823970e+00 -2.68516848e+00 -1.40914686e+00  8.75367425e-01
  6.41590084e-01  1.84371532e+00  4.85972364e-01 -1.79497307e+00
 -3.14143803e+00  2.25305733e+00 -1.76480220e+00 -4.65204475e+00
 -1.54739070e+00  1.57280109e+00 -1.57014487e+00  1.56997248e+00
  1.57464600e+00 -1.58674970e+00  1.45628818e+00  3.90897295e+00]",-1.1309719497216975
"[np.float64(0.014823275444040928), np.float64(0.28429964397874996), np.float64(0.13444333390384647), np.float64(-0.23210526637913872), np.float64(-0.05521029684299899), np.float64(0.17029924891398654), np.float64(-0.30209168712217965), np.float64(0.030393341636742573), np.float64(0.31409139054365964), np.float64(-0.482187098304895), np.float64(-0.20282950875491665), np.float64(0.02158015764111686), np.float64(-0.30054319663528295), np.float64(-0.14883256850968912), np.float64(0.317348156215094), np.float64(-0.5820954472146086), np.float64(0.08953740910129751), np.float64(-0.2258903509098538), np.float64(-0.19641745903700036), np.float64(-0.10904752514606984), np.float64(0.0553665302170841), np.float64(-0.5759978263612116), np.float64(-0.03526699404387303), np.float64(0.1270165342324822), np.float64(-0.43540027725137653), np.float64(-0.05791740752933836), np.float64(0.19157450661514158), np.float64(-0.27575859094647326), np.float64(0.052695043158285895), np.float64(0.6181305150345441), np.float64(0.11100878166971558), np.float64(0.23507233704083802), np.float64(-0.128992688185031), np.float64(-0.18641927982744233), np.float64(0.29690072172586196), np.float64(0.23033631068927182), np.float64(-0.5499645841990809), np.float64(0.29980234107189463), np.float64(-0.35863177173776817), np.float64(0.06486692510946483), np.float64(0.02696957968374121), np.float64(0.08604088757483812), np.float64(0.17530991633531348), np.float64(-0.4803502394056514), np.float64(-0.09879849858332275), np.float64(0.2786312872434426), np.float64(-0.3526740664005866), np.float64(0.17970221287740384), np.float64(0.2631356202414011), np.float64(-0.12132894124582022), np.float64(-0.05911275833897958), np.float64(-0.09423073177952179), np.float64(-0.3702241229835008), np.float64(-0.06020705679732713), np.float64(-0.5810368879726722), np.float64(-0.31902964722076177), np.float64(0.005036758348694647), np.float64(0.13139433791746682), np.float64(0.22319143512060846), np.float64(-0.2618941358311901), np.float64(-0.0412132876697916), np.float64(-0.04953186754946137), np.float64(-0.12764526802479573), np.float64(0.025338055267935467), np.float64(0.1471630544402825), np.float64(-0.19757046816944798)]","[ 1.59159153e+00  1.56530029e+00 -1.56819595e+00 -2.41663678e+00
  9.58259732e-01  3.34193611e+00 -6.38745257e-01 -9.66810867e-01
  2.19240358e+00  2.76209350e+00 -1.07551917e+00  1.51564162e+00
 -8.32209673e-04 -8.03198582e-01  3.35091706e+00  3.13605127e-01
  3.80673891e+00  3.85978769e+00  9.93411870e-01 -1.32338338e+00
  1.71863654e+00  1.68586848e+00  3.31181340e+00 -3.15923335e+00
 -1.58556849e+00  1.56685238e+00  4.71223068e+00  1.57043209e+00
 -1.57436528e+00  1.56410152e+00 -1.56246611e+00  1.57322984e+00
  1.58304235e+00 -1.27349188e+00  2.11221057e+00  1.64752846e+00
 -7.81298372e-01 -2.28495437e+00  6.85459873e-01 -7.03076894e-01
 -7.40383132e-01  1.00257753e+00  1.80951445e+00  1.67999908e+00
 -1.50489486e+00  3.15848005e+00 -2.54395781e+00  9.78035142e-01]",-1.485515704906902
"[np.float64(-0.38530440010838113), np.float64(0.24558365834647267), np.float64(0.278323754370462), np.float64(-0.18393699133839894), np.float64(-0.20483221116325864), np.float64(0.33897207779746313), np.float64(-0.122426770005547), np.float64(-0.2852973500854245), np.float64(0.21729129591415033), np.float64(-0.4076372192954138), np.float64(0.02931833372355733), np.float64(0.3907818851950145), np.float64(-0.514994521707455), np.float64(-0.026471513552167886), np.float64(0.19401344054315642), np.float64(0.48833478289353266), np.float64(-0.0881877515676495), np.float64(-0.0029251081201500336), np.float64(-0.025482574266773163), np.float64(0.10011050704924686), np.float64(-0.2781862113082295), np.float64(0.14298383280633142), np.float64(0.15414669303763212), np.float64(-0.5117834337802561), np.float64(-0.12528676920241683), np.float64(-0.619350992295229), np.float64(-0.2152229863099709), np.float64(-0.030942683137815397), np.float64(0.1548578290213918), np.float64(-0.22092060028435065), np.float64(-0.13900807165425674), np.float64(0.00389286109009908), np.float64(0.06854670600292755), np.float64(0.1606798367122191), np.float64(-0.2684737434993147), np.float64(0.2801024719435754), np.float64(0.11746186723640539), np.float64(-0.4452798005006483), np.float64(-0.05391824092906063), np.float64(-0.10247562480437546), np.float64(-0.6873834448105406), np.float64(0.010462426598605794), np.float64(-0.5232276368685863), np.float64(-0.5623621716610794), np.float64(0.3069683314175569), np.float64(0.43767833476989815), np.float64(0.5274823861661674), np.float64(-0.6214779836562419), np.float64(0.11416099229595716), np.float64(-0.39928814188667106), np.float64(-0.15460953254441995), np.float64(0.21586042592373025), np.float64(0.07167884744674714), np.float64(0.19893773537718581), np.float64(0.5498481716441078), np.float64(0.021254140997027604), np.float64(-0.076563352157511), np.float64(-0.11500828488183676), np.float64(0.00736200576487957), np.float64(0.3655299287967088), np.float64(0.44619967788260445), np.float64(0.5028016486450502), np.float64(-0.13062434820735347), np.float64(0.42900319754088384), np.float64(0.2525959618555259), np.float64(0.30564683168929757)]","[-3.0964207  -0.26098948  2.21683906  2.66624936  3.96584413 -0.86209086
  0.89743677  0.07258362 -0.66272547  0.87812558 -2.35002273 -0.00863829
 -1.38966304 -1.5684732   1.58893868  1.50383988 -1.59115202  1.61718223
 -1.56634586 -1.58892743 -1.53416723 -1.51685798  1.54595466  1.59251303
  1.91096751  1.59393478 -1.29294002  1.64558625  1.51319712 -1.54885657
 -1.24828576  1.45647742 -1.65592359 -1.53281771  1.77570201 -1.5650748
  1.58723827  1.61591229  1.64018268  1.62689477 -1.64043443 -1.605556
  1.58461502  1.57303161 -1.62402612 -4.74293609  1.58424713  1.55790211]",-2.4550867255857156
"[np.float64(0.2054331193944456), np.float64(-0.2740566959961783), np.float64(0.1342028421160089), np.float64(-0.6011409304216402), np.float64(-0.3931146759619341), np.float64(-0.3700695089907799), np.float64(-0.000272993252429819), np.float64(0.030243288491690685), np.float64(-0.23144128077367715), np.float64(-0.17538806437607946), np.float64(0.10514248067436564), np.float64(0.037643773254762807), np.float64(0.1870193153417748), np.float64(0.10097630214767599), np.float64(-0.0807703665217332), np.float64(0.15914170660671076), np.float64(-0.0661372908926479), np.float64(0.1132559217154479), np.float64(-0.007422113766948727), np.float64(-0.11546285849323637), np.float64(-0.35108898006039324), np.float64(-0.0069702201103713606), np.float64(0.1977991550179207), np.float64(-0.22413785680381376), np.float64(-0.30956200345764023), np.float64(0.36250587097817943), np.float64(-0.09116317813554499), np.float64(0.03601513255880326), np.float64(0.012847359722285843), np.float64(-0.04971772835325964), np.float64(-0.030163187090373297), np.float64(-0.043922196007375056), np.float64(-0.07500023050669871), np.float64(0.33216571132620387), np.float64(0.25301924192015607), np.float64(0.37130000556588727), np.float64(0.35165081092836714), np.float64(0.3469449272307329), np.float64(0.02057054440592838), np.float64(0.14972210477599754), np.float64(0.18791652322201935), np.float64(0.05548414536759735), np.float64(-0.22553584379339367), np.float64(0.4881864247907022), np.float64(0.251836594076059), np.float64(0.1983348296951922), np.float64(0.2522605116100905), np.float64(-0.1756204879380994), np.float64(-0.3143327641598834), np.float64(-0.26224531951514657), np.float64(-0.12682080754701094), np.float64(-0.08001384933014263), np.float64(-0.08957858017654795), np.float64(-0.2670820889223373), np.float64(-0.45866890492323786), np.float64(0.2942997462983407), np.float64(-0.3268294897866569), np.float64(-0.28010265178305793), np.float64(-0.28501607913212207), np.float64(-0.36035953745200144), np.float64(-0.2567537959198734), np.float64(-0.371122191824693), np.float64(-0.025053481175233497), np.float64(-0.22119525657347514), np.float64(-0.5331618945205054), np.float64(-0.3616880607283302)]","[ 1.57112335e+00 -3.14156744e+00 -1.57081997e+00  5.46508606e-01
 -2.10766345e+00  1.90485137e+00 -6.29176114e-01  2.14252224e+00
  4.64383782e-01  1.69945296e+00  2.39114086e+00  1.57079356e+00
 -2.23660706e+00  9.04991220e-01  1.57079016e+00  1.57077802e+00
  1.57080209e+00  1.57078364e+00  1.57076512e+00 -1.57088415e+00
 -1.57090542e+00 -1.57060509e+00  1.57057663e+00 -1.57079396e+00
  1.57066381e+00 -5.88314012e-01 -3.21565756e+00 -4.87198066e-01
  1.17182405e+00 -1.60073124e-01 -1.26680323e+00 -1.80089296e+00
  3.46550880e+00  1.41040276e+00 -2.72938825e+00  5.28875947e-05
  1.57088899e+00 -1.27516989e+00 -1.74233912e+00  1.62547898e+00
 -1.58093437e+00  1.54830953e+00 -1.54825310e+00  1.58696622e+00
  1.59177330e+00 -4.70218731e+00 -1.56659147e+00 -1.57723941e+00]",-1.6882752644933134
"[np.float64(0.054128320590155335), np.float64(0.3536642946855038), np.float64(0.0014267934145743818), np.float64(0.5464427690409582), np.float64(0.2586040907789751), np.float64(0.3987484483578438), np.float64(-0.0009026782550794815), np.float64(0.12675758777378723), np.float64(-0.025486985841958496), np.float64(-0.6524875077473141), np.float64(0.5656944276679199), np.float64(0.4053729496895209), np.float64(-0.4948598679103945), np.float64(0.04695404266874279), np.float64(-0.15316605461467228), np.float64(0.11451595481038453), np.float64(0.4094112943487524), np.float64(0.08528772757479336), np.float64(0.02131159257630841), np.float64(0.16153219205004798), np.float64(0.05695974069198775), np.float64(0.3689356370999512), np.float64(0.15429818780824395), np.float64(0.4275463087318438), np.float64(1.0551922353294778), np.float64(-0.010298887669816488), np.float64(0.3585206947252707), np.float64(0.21539115869005424), np.float64(-0.131786982116344), np.float64(-0.06946638730413907), np.float64(0.22362398976213874), np.float64(0.3309061521305068), np.float64(-0.21415802817240506), np.float64(0.13061220107200128), np.float64(0.4640739397113447), np.float64(-0.09234673725523623), np.float64(-0.6608517954135475), np.float64(0.087614712024384), np.float64(0.07964641911050063), np.float64(-0.5170954175287001), np.float64(-0.6902308128765184), np.float64(0.08814093798729707), np.float64(-0.09473669216796166), np.float64(-0.22693827263568478), np.float64(0.1355848059472583), np.float64(-0.008229409368866592), np.float64(0.1539879381407672), np.float64(-0.3735623765423408), np.float64(0.41682224038696863), np.float64(0.10995763850704394), np.float64(-0.6452297282959236), np.float64(-0.32477854737536266), np.float64(0.6608708540914394), np.float64(-0.22110392440469948), np.float64(0.3692031770834483), np.float64(0.05450352941864074), np.float64(-0.5789703894566459), np.float64(-0.3809339857060139), np.float64(-0.47932788804984117), np.float64(0.4357737229972511), np.float64(-0.06832975579222157), np.float64(-0.17950764202092176), np.float64(-0.4116040773974255), np.float64(-0.3872837523188002), np.float64(-0.12986172144366873), np.float64(-0.2721614803266321)]","[-1.56969928e+00  1.56999713e+00  1.55982962e+00 -1.60675411e+00
  1.75363607e+00 -1.26569024e+00 -1.80798734e+00 -1.67841118e+00
 -1.15509399e+00 -1.43355831e+00 -4.94651803e+00  4.70841237e+00
  2.20008928e-01  1.05876708e+00 -1.00086583e+00  4.35873742e+00
  2.41964688e+00  5.73015264e-01  3.27305595e+00 -3.25383139e+00
 -3.15162934e+00 -3.09065767e+00 -2.74395965e-01  3.62018594e-03
 -1.53875481e+00 -1.63473454e+00 -1.78013374e+00 -1.43979523e+00
 -1.45967611e+00 -1.47669102e+00  1.28309310e+00 -1.79331270e+00
 -1.22332764e+00 -4.87151759e+00 -1.59350231e+00 -1.43771121e+00
  2.63593049e+00  6.69421116e-01  2.49741155e+00 -2.10541393e+00
  1.88786595e+00 -4.62680338e+00  1.54735245e+00 -1.62252301e+00
 -1.53254348e+00 -1.50154324e+00 -1.56621567e+00 -1.58087957e+00]",-2.1756638535243837
"[np.float64(0.6125240062107636), np.float64(-0.4315026927590866), np.float64(-0.4614084149473716), np.float64(-0.08785226829367125), np.float64(0.01985568899410772), np.float64(-0.4007715103153833), np.float64(0.21870367407420413), np.float64(0.003280358909068549), np.float64(0.014437660842779441), np.float64(-0.09325691806571604), np.float64(-0.08864589455629936), np.float64(-0.20852029733383717), np.float64(0.5330412997134325), np.float64(-0.2597000236143783), np.float64(0.3617669633857376), np.float64(0.2360430467713851), np.float64(-0.25167325614839464), np.float64(0.11540259827359732), np.float64(-0.28720696965166137), np.float64(0.5589347336172432), np.float64(-0.0019124110423883024), np.float64(-0.17577604690101545), np.float64(0.3121488782046188), np.float64(0.10015859875341532), np.float64(-0.36807530706679814), np.float64(-0.21805196139514846), np.float64(-0.2795098211444903), np.float64(-0.38889314344670345), np.float64(0.09788126699290159), np.float64(-0.1756470309814344), np.float64(-0.14835579711312816), np.float64(-0.4447322991963405), np.float64(-0.4242145244049743), np.float64(0.15548309508290803), np.float64(-0.14991292204100945), np.float64(0.045666746226074195), np.float64(0.09961038784154612), np.float64(-0.2525942035761552), np.float64(0.05896534190453712), np.float64(0.3675905020583532), np.float64(0.49986253119025187), np.float64(-0.010513108333578608), np.float64(0.5479255407923033), np.float64(-0.10488363070167138), np.float64(-0.029923418633564146), np.float64(-0.6644418869429101), np.float64(-0.506683077119333), np.float64(-0.1457478135366175), np.float64(-0.26458276889695403), np.float64(0.06057346049504033), np.float64(0.18236139489850228), np.float64(0.17278168966623006), np.float64(0.3098724110570137), np.float64(-0.24758736273715232), np.float64(-0.49987459030099074), np.float64(-0.20896318286274165), np.float64(0.036214377516758135), np.float64(0.055835257437499855), np.float64(0.19971344455648693), np.float64(-0.17895973175393276), np.float64(0.10287160536482234), np.float64(0.22712867867894845), np.float64(0.19438999109104094), np.float64(-0.3389755651252968), np.float64(0.4277800531837891), np.float64(0.1493438938016135)]","[ 0.77049828  1.56893599  2.9686055   1.58689067 -0.70960523  2.24686075
  0.84049754  4.46105952  1.02122211 -3.99476054 -0.97142451  1.57784154
  1.57525372 -3.74126046 -2.55953225 -1.31237789  1.79834292 -1.34570899
  4.48250776 -1.46268403 -4.78954335 -1.62437253  1.55080296 -1.56910385
  1.03780887 -1.38448878 -0.70925036 -4.77287453  0.76697561 -5.39817902
  1.45380715 -1.51596669 -1.51320222  1.53351148  1.50966547 -1.60036855
 -1.57263603  1.56902441 -1.57326169  1.56927379  1.57133303  1.56743063
 -1.56085286 -1.55164306  1.54048595 -1.59950284  1.53126798  4.71858811]",-2.042656257925046
"[np.float64(-0.6788602567629379), np.float64(-0.3231238964952129), np.float64(-0.13712194759674334), np.float64(-0.2652010786251149), np.float64(-0.1316391031051943), np.float64(-0.10460100821283252), np.float64(-0.1654996191132541), np.float64(0.6299865578676281), np.float64(0.23444823779743687), np.float64(0.061898145734747285), np.float64(-0.017193406645257567), np.float64(-0.3082634942838863), np.float64(0.15098896129122355), np.float64(0.3491327499223382), np.float64(-0.45010133811019987), np.float64(-0.20672628312874405), np.float64(0.26037187795456257), np.float64(0.26711020972278793), np.float64(-0.04764012614722748), np.float64(0.034762575575193556), np.float64(-0.09167766854302656), np.float64(0.04969707514836573), np.float64(-0.2504547974405879), np.float64(-0.1842895639064588), np.float64(0.3356915811813775), np.float64(-0.22457185992761833), np.float64(-0.026047067040267973), np.float64(0.07304335952402834), np.float64(0.035897236541007335), np.float64(0.46496973716528606), np.float64(-0.22806506851534794), np.float64(0.09556533644741803), np.float64(-0.2150478972751631), np.float64(-0.17129969458590352), np.float64(-0.13080218075272473), np.float64(0.009245317545271326), np.float64(0.11544288285890626), np.float64(-0.027164328274603206), np.float64(0.22636795497591136), np.float64(-0.12858400230549438), np.float64(-0.22387873446284243), np.float64(0.09721990488469773), np.float64(0.30429285622548086), np.float64(-0.22295810552728756), np.float64(0.10557879053768983), np.float64(-0.35127619030271234), np.float64(-0.31358986820894974), np.float64(0.20054906237546577), np.float64(-0.1378361091817805), np.float64(0.13132263636126446), np.float64(0.21788625346797186), np.float64(-0.48654346094424383), np.float64(0.18694241731421662), np.float64(0.09657703680499868), np.float64(-0.15422414333315895), np.float64(-0.2948456645893149), np.float64(-0.03662155659429953), np.float64(0.23572462265256094), np.float64(-0.15960278723735055), np.float64(-0.17766681264925024), np.float64(0.007473835380719327), np.float64(0.04428149349330278), np.float64(0.14214411554536202), np.float64(0.08877552824998745), np.float64(0.3438061741790145), np.float64(0.17005770110512025)]","[-3.13837499e+00  1.16078126e+00  2.00508369e-01  1.81197847e-01
 -3.68854709e+00  2.27098308e+00  2.41350654e+00  7.93660471e-01
  2.35969662e+00  6.27829579e-01 -2.59502930e-03  1.56085537e+00
 -8.71438707e-03 -1.57098883e+00  1.57079932e+00  1.57080596e+00
  1.57072030e+00  1.57123816e+00  1.57066453e+00  1.57080864e+00
  1.57068644e+00  1.24033602e-03  3.14212701e+00 -4.02692971e+00
  5.19612259e+00 -1.56851274e+00  1.57051097e+00  1.57078573e+00
  1.57067483e+00 -4.71277367e+00  1.57068371e+00  1.57134764e+00
 -1.56538931e+00  2.07230078e-02  1.57061264e+00 -1.57047683e+00
 -1.55743655e+00 -1.57220051e+00 -1.57126411e+00 -4.71339617e+00
 -1.57203269e+00  1.56970117e+00  1.57191946e+00 -1.57205060e+00
  3.13961746e+00  1.03701286e-04  3.13506867e+00 -7.43814242e-02]",-1.9763227747052952
"[np.float64(-0.15328408379932693), np.float64(0.25864607243805354), np.float64(0.11795510112711168), np.float64(0.014094046170300542), np.float64(-0.37834887740942086), np.float64(-0.13493722428230975), np.float64(0.15439357989158342), np.float64(-0.4140871620634565), np.float64(-0.5508459102049169), np.float64(0.022858140238491653), np.float64(-0.11019764137629352), np.float64(-0.32241200344851406), np.float64(0.5535261541092227), np.float64(0.22369247086430766), np.float64(0.5432744443039091), np.float64(-0.009867835929314915), np.float64(0.35891744239037016), np.float64(-0.4000453701606061), np.float64(0.3262239045067928), np.float64(-0.2021743120894349), np.float64(-0.38869183725703776), np.float64(0.1628660259554789), np.float64(0.17595992351193518), np.float64(0.08793268483257319), np.float64(-0.2073566244474956), np.float64(0.31264129959772424), np.float64(-0.07894666854795264), np.float64(-0.013353304285311438), np.float64(-0.14032589498552037), np.float64(0.025088171075699297), np.float64(0.15190701058850473), np.float64(0.005946376378785693), np.float64(0.018735786177363118), np.float64(-0.5037049355158856), np.float64(0.12154462558934771), np.float64(-0.5262508406948897), np.float64(-0.2207880937421357), np.float64(0.059784327417401736), np.float64(0.008012282145383616), np.float64(0.20349939113919674), np.float64(-0.4539684515397979), np.float64(-0.01244117835954331), np.float64(-0.41419502895844124), np.float64(0.013038052115112506), np.float64(-0.008856109024873658), np.float64(-0.40159589135156704), np.float64(0.08793374847642481), np.float64(-0.22283101157208762), np.float64(0.015341746157277073), np.float64(-0.019294548863295426), np.float64(0.12637495482601224), np.float64(-0.05086324680136885), np.float64(0.37237715105183433), np.float64(-0.18219365117275987), np.float64(-0.27437599775583565), np.float64(-0.01430337443286396), np.float64(-0.008845459804662233), np.float64(-0.4043110815826387), np.float64(0.3764235858000459), np.float64(0.02050881415141036), np.float64(0.17196502037889277), np.float64(0.449799052461914), np.float64(0.7022857158373675), np.float64(0.16022611072779905), np.float64(0.274051698034236), np.float64(0.1355907090965927)]","[ 3.89260378e+00  1.57070806e+00 -1.28157685e-03  1.57248305e+00
 -2.46459100e-01  1.57353879e+00  6.39922640e-03  1.51339537e+00
  3.36185505e+00  1.41037223e+00 -6.30894771e-01  1.57080772e+00
  1.57050910e+00 -3.13198437e+00  3.15017831e+00 -1.57710210e+00
 -1.57600330e+00  2.11850886e+00  2.11311943e+00 -1.60722008e+00
  1.62644040e+00  1.60334909e+00  1.55417102e+00 -1.57079751e+00
 -1.06278023e+00  2.31857518e+00  6.69260653e-01  7.15398128e-01
 -6.20672141e-01  5.58168776e-01  2.99637506e+00  2.56336879e+00
  2.20540208e+00 -1.77503409e+00 -1.47232872e+00  4.76666806e+00
 -1.64619214e+00 -1.60896935e+00 -1.59673047e+00 -1.58421747e+00
  4.72249580e+00 -1.56984458e+00  1.56996377e+00  1.56998696e+00
  1.57194239e+00 -1.56913484e+00  1.57321102e+00 -1.51217749e+00]",-1.3166798914244282
"[np.float64(0.648877359002887), np.float64(0.2413410110386608), np.float64(-0.16449959775841), np.float64(-0.06584712256610258), np.float64(0.13122711297768036), np.float64(0.2899699041870443), np.float64(0.053724798601312615), np.float64(-0.23224123814420755), np.float64(0.529389630858255), np.float64(-0.43538668094154703), np.float64(-0.5739887521417236), np.float64(-0.2277257060556983), np.float64(0.10273726990106517), np.float64(-0.06269176648772297), np.float64(0.5150942104311498), np.float64(0.20240837411818557), np.float64(0.12676469416601918), np.float64(0.0822280059491028), np.float64(0.22173326378819533), np.float64(0.24964864651086965), np.float64(0.42285384865143294), np.float64(0.02597858049433944), np.float64(-0.05450817213759849), np.float64(-0.06565335800023203), np.float64(0.6255580663571815), np.float64(0.16112339886113272), np.float64(0.14819697715370317), np.float64(0.2534878482017582), np.float64(0.18275527407175537), np.float64(-0.08294421067567818), np.float64(-0.2526975652471123), np.float64(-0.26372588217440995), np.float64(0.21429598838387742), np.float64(0.10234992193138442), np.float64(0.4872808470267134), np.float64(-0.3519485071051707), np.float64(0.03170128870978191), np.float64(0.4994419511956981), np.float64(-0.0694643549436683), np.float64(0.40047513389399253), np.float64(-0.05835877532610592), np.float64(-0.026011692133942933), np.float64(0.024565543564787757), np.float64(0.25314270565755015), np.float64(0.42963875189995476), np.float64(0.195889321920169), np.float64(-0.18274104212329317), np.float64(0.4415314674513306), np.float64(-0.08042826830440504), np.float64(-0.0807456606770162), np.float64(-0.45284909141590923), np.float64(0.13116071758812062), np.float64(-0.028241628899435257), np.float64(0.22111969500988982), np.float64(0.2908253177964831), np.float64(-0.20092189152710757), np.float64(0.25131704064642646), np.float64(-0.5710739520559266), np.float64(-0.2520987560321973), np.float64(-0.18917274632891737), np.float64(0.34421397524840547), np.float64(0.045499835674777604), np.float64(-0.170146817241008), np.float64(0.28501034074318726), np.float64(0.579974985109219), np.float64(-0.1360017838375557)]","[-1.95801671e+00 -1.84910171e+00  1.66828381e+00  2.39987626e+00
 -1.84722181e+00  9.97660655e-01  1.54264222e+00  3.61360684e-03
  2.87983689e+00 -3.15431869e+00 -1.57648757e+00 -1.57686107e+00
 -1.79995189e+00  7.05408351e-01 -8.44991099e-01 -9.87891933e-01
  1.36787493e+00 -4.59257477e+00 -3.14701380e+00  3.13505454e+00
 -2.08349057e-03 -3.14926451e+00  1.56653524e+00  1.56525453e+00
  2.54341326e+00  1.96426844e+00  4.62633098e+00  1.66288261e+00
  1.55818655e+00 -1.57200313e+00  1.66384119e+00 -1.63859577e+00
  1.65719202e+00  4.68984915e+00 -2.45525501e+00  1.57013371e+00
 -1.57502929e+00  1.60482546e+00  1.60490080e+00 -4.71778071e+00
  1.56912471e+00 -3.29593306e-03 -3.13838106e+00 -1.01903731e-03
  3.14772568e+00  2.65108273e+00  3.84541302e+00 -1.57657942e+00]",-1.515718190388725
"[np.float64(-0.16202490129765282), np.float64(-0.024820096161841644), np.float64(-0.1419851057650371), np.float64(0.17094522574539345), np.float64(0.11498054730697557), np.float64(0.2536373178905013), np.float64(-0.3628880592146904), np.float64(0.4228950808753372), np.float64(0.5070391096873765), np.float64(-0.05704705378536903), np.float64(0.4321440505841213), np.float64(0.20927058463079287), np.float64(-0.021209364358244213), np.float64(0.6698058344116965), np.float64(-0.4442570940026264), np.float64(0.07441908575734067), np.float64(-0.13540079182779569), np.float64(0.07492445042725633), np.float64(-0.19766673962202164), np.float64(0.5563249079600078), np.float64(-0.2833280161447885), np.float64(0.3277053586935594), np.float64(0.13857475329549881), np.float64(-0.514622516331468), np.float64(-0.4302787865230245), np.float64(0.16706985654903714), np.float64(0.31922135342396785), np.float64(-0.08435897566186089), np.float64(0.10225885696847294), np.float64(-0.05783973153677737), np.float64(0.37791986889648294), np.float64(0.3321329589816822), np.float64(0.28123842890550743), np.float64(0.2985107551419503), np.float64(-0.17194481858681207), np.float64(-0.6973122329519262), np.float64(0.037679837223666905), np.float64(0.11971642768186705), np.float64(0.16387057501584784), np.float64(0.13286935546817766), np.float64(0.45683972622522334), np.float64(-0.6269835158260353), np.float64(-0.1644707696813405), np.float64(0.13313104353983074), np.float64(0.11817328881231598), np.float64(-0.15662013201184952), np.float64(0.27576906488377445), np.float64(0.032441012558016916), np.float64(-0.08586598100651667), np.float64(0.5013153922575834), np.float64(0.20524647578807415), np.float64(-0.08919852621169835), np.float64(0.49462177955858266), np.float64(-0.07938109426781559), np.float64(0.5171072640993379), np.float64(-0.24993182810992462), np.float64(0.26169735472550587), np.float64(-0.16788455447518863), np.float64(-0.6612665883229257), np.float64(-0.22167350785102635), np.float64(0.10343335427777126), np.float64(0.011494077562381168), np.float64(0.16654525416052876), np.float64(0.2218043505463606), np.float64(-0.1359568806444149), np.float64(0.39397100552675884)]","[ 1.57108854 -1.57043191 -1.57087616 -1.92141111 -0.65064752 -4.11318452
 -0.03924248 -2.04158751 -1.03602815 -0.84272084 -2.65033583 -1.57121477
 -3.22231931 -2.51752742  3.39120108 -2.48336188 -1.96854682  1.68017164
  3.25671091  0.05769317 -1.65966145  1.72940365 -0.21145504 -3.14143505
  1.57019571 -1.57113047  1.57219087 -4.71521618 -1.57143432 -1.57328794
  1.57462696 -1.5516254   1.57502238  2.20591384  0.85466272 -1.57147825
  2.19395841 -2.26260469  0.41726208  1.32074628 -1.67346822 -3.02148884
 -0.04055651 -1.44349243  1.51457453 -3.209436   -2.61516372  1.21833861]",-1.0809473884023646
"[np.float64(-0.16225468241937718), np.float64(0.15058536771967712), np.float64(0.5770098078070411), np.float64(0.11763303514903388), np.float64(0.23997149295399872), np.float64(-0.8049498814394834), np.float64(-0.13520577289565477), np.float64(0.3781663952732932), np.float64(-0.27490220975988405), np.float64(-0.1466694373579253), np.float64(0.20634431406503584), np.float64(0.12779439032392548), np.float64(-0.030574192724934248), np.float64(-0.32419358587835195), np.float64(0.3458153443103513), np.float64(-0.17098577097834172), np.float64(0.38824004522221983), np.float64(0.024974313938883934), np.float64(0.15483974708735798), np.float64(0.03608185535795413), np.float64(0.00628436244584328), np.float64(0.49221209076947636), np.float64(0.3043790944138373), np.float64(0.66334207649517), np.float64(0.2183259659039222), np.float64(0.7159353831232652), np.float64(-0.562300198424255), np.float64(0.12810206941520058), np.float64(0.05509535366672856), np.float64(0.7213587551607703), np.float64(0.45944362970140484), np.float64(0.23899512139007947), np.float64(-0.2375741795503897), np.float64(0.007833721173534001), np.float64(-0.30246069425683497), np.float64(0.07051293754741254), np.float64(-0.08505367394030394), np.float64(-0.5411044883154398), np.float64(0.161174489579909), np.float64(-0.2703331576882327), np.float64(0.04924154215518009), np.float64(0.18656155063082075), np.float64(-0.13945545011533622), np.float64(0.17432084579190024), np.float64(0.0991144374403794), np.float64(-0.29224819871393737), np.float64(-0.019106310783356253), np.float64(0.047139747676045285), np.float64(-0.5728286467222061), np.float64(-0.572993444287787), np.float64(-0.3385404256462277), np.float64(-0.21089456927412276), np.float64(0.04998533975444561), np.float64(0.0042827115477456395), np.float64(-0.03251324725194803), np.float64(0.10831789094766812), np.float64(0.09152421299508665), np.float64(0.5584359927717432), np.float64(-0.14651744361689975), np.float64(0.09937741229534397), np.float64(-0.08171486490107077), np.float64(-0.03418856898375619), np.float64(0.26121456405597565), np.float64(0.005396077209336674), np.float64(-0.09411769736313497), np.float64(-0.5038699429995026)]","[-3.16066782e+00  1.58546660e+00  1.79068204e-03  1.57120452e+00
  8.07697599e-01  2.96490877e+00  1.50644030e+00  2.45786247e-01
  3.17822994e+00  6.99612680e-04  3.12328813e+00  1.57097229e+00
 -1.57090681e+00  7.36038928e-01  7.36518583e-01  1.56751828e+00
  1.56721167e+00  1.56941669e+00  1.33346330e+00  1.57969471e+00
 -1.57090466e+00  1.57118818e+00 -1.55764772e+00 -1.57056517e+00
 -1.58263098e+00 -3.14290851e+00 -1.04860180e+00  4.16777215e-01
  1.98125602e+00  2.46251037e+00 -7.61447122e-01  5.37957829e-01
  1.24594550e+00 -2.32804002e+00 -1.23240041e-01  1.34696054e+00
 -5.86412268e-04  4.34219324e+00  1.65338737e+00  1.60452492e+00
 -1.57536484e+00  1.56916409e+00 -1.56938671e+00 -1.54206272e+00
  1.52178464e+00 -1.38384391e+00  2.69794079e+00 -3.53104045e-02]",-1.654225271937321
"[np.float64(-0.12165743565282161), np.float64(-0.020917964407851396), np.float64(-0.16512257362936167), np.float64(0.14765446996946233), np.float64(0.3938055856166039), np.float64(0.39285388145415595), np.float64(-0.5968170658537227), np.float64(-0.28835510288295957), np.float64(0.2805607253293721), np.float64(0.19835905550374905), np.float64(0.27848792525397753), np.float64(-0.17304803753935918), np.float64(-0.09567966523723724), np.float64(-0.3565447041185675), np.float64(-0.31336764391671557), np.float64(0.35997580082969327), np.float64(-0.22531261542226685), np.float64(0.4618885708751015), np.float64(0.14642192521751862), np.float64(-0.3311412921856972), np.float64(-0.4375795513098489), np.float64(-0.45205906478628716), np.float64(0.6907033281601075), np.float64(0.2924577119544926), np.float64(0.02019540464106977), np.float64(-0.1689279676574362), np.float64(-0.2632551147185388), np.float64(-0.10462576131821899), np.float64(-0.007675668855297054), np.float64(0.014819682947023299), np.float64(-0.3107731283211512), np.float64(-0.362450509265947), np.float64(0.19077174678879402), np.float64(0.40312593693988574), np.float64(0.09981369607893575), np.float64(-0.3209532209458072), np.float64(0.4127525994437434), np.float64(0.18807245134570336), np.float64(0.21583576581284122), np.float64(-0.004765876133079634), np.float64(-0.48294066387087436), np.float64(0.16186643002550208), np.float64(0.08722057912534355), np.float64(-0.07543304680759896), np.float64(-0.43428616775043544), np.float64(-0.036727430165454836), np.float64(0.7075326446800028), np.float64(-0.4096575180294056), np.float64(0.6553699703552076), np.float64(-0.38772472855618806), np.float64(-0.322624507857069), np.float64(0.249026134597114), np.float64(-0.07414967192717606), np.float64(-0.46985160047589064), np.float64(-0.3966663948103779), np.float64(-0.020477460978055702), np.float64(0.5431032921671), np.float64(0.13095621010817918), np.float64(-0.24845181613471806), np.float64(0.20562008430810289), np.float64(0.07160320916335924), np.float64(0.08786099516967925), np.float64(0.1083340904765687), np.float64(0.8431997735395256), np.float64(-0.02608413876382784), np.float64(-0.3430540207693107)]","[-3.11622747  3.15709841 -0.51883506  2.30313084  4.03768191  2.4077462
  2.3075569  -3.54266103  0.1212021   2.37288947 -0.50798611 -0.11282375
  1.60870135 -1.56461308  1.33663683 -1.39699352  1.54750463  1.54578769
  1.57890439 -1.56237058  1.58300816 -1.54635446 -1.57480163  1.56848652
  0.6427874   1.4587436  -1.5145817  -1.52723152  1.60568092  1.77607484
 -1.36575339  1.81627403  1.598771   -1.60932614  1.63604451  1.57360047
 -1.57728495  1.51664582 -1.63756453  1.48006229 -1.62401397  1.57694784
 -1.5813553   1.54897005 -4.70179794 -1.44021766  4.76204945  1.58231442]",-2.6068441821125816
"[np.float64(0.13192109989648235), np.float64(-0.23296534383449546), np.float64(-0.06726475183539618), np.float64(0.24122012912749322), np.float64(-0.020186666029998707), np.float64(0.4819501879961313), np.float64(0.19504556645565121), np.float64(-0.1675585107454971), np.float64(0.1370542811931572), np.float64(0.7626924863235401), np.float64(-0.0899779192398715), np.float64(-0.23412163197955074), np.float64(0.0790821731600526), np.float64(0.3088482165623712), np.float64(0.12435576727279528), np.float64(-0.4235071964847945), np.float64(-0.42640762174477564), np.float64(-0.0787307580957309), np.float64(0.31286563612370005), np.float64(0.5051971546890178), np.float64(0.21334368711231375), np.float64(0.05306261959514079), np.float64(-0.025759215880429766), np.float64(-0.14468495151114258), np.float64(-0.21354541056237894), np.float64(-0.31976732217687553), np.float64(0.2479798946975793), np.float64(0.6083096387375401), np.float64(-0.290409626759943), np.float64(0.13192592630613878), np.float64(-0.33040590112842133), np.float64(-0.4894433204719639), np.float64(0.22721479984399934), np.float64(-0.0190143931929174), np.float64(0.38774314710695545), np.float64(0.24908290478595788), np.float64(-0.13491800476400245), np.float64(-0.0029956041447910826), np.float64(0.39322807458348324), np.float64(-0.13628697081445781), np.float64(-0.052559993660788444), np.float64(-0.04049003845769468), np.float64(0.1159249208399359), np.float64(0.0427340705272843), np.float64(0.4331141464579073), np.float64(0.32951817652133586), np.float64(0.03818820413647908), np.float64(0.35399987066153504), np.float64(-0.1680711845221413), np.float64(0.10108998328956773), np.float64(-0.35210855472695796), np.float64(-0.07850778588946153), np.float64(-0.6050361666082964), np.float64(0.31025676748461095), np.float64(-0.20563105846991975), np.float64(-0.12310117877851401), np.float64(-0.017996976982673014), np.float64(-0.40346285977219304), np.float64(0.16453081609344855), np.float64(0.022358131903246172), np.float64(-0.10110545571614678), np.float64(-0.1754584662357557), np.float64(-0.20989076020337094), np.float64(0.33439441543727316), np.float64(0.029723169479584553), np.float64(0.14985585195610174)]","[ 0.29948383  0.1164109  -2.69855593  1.80085457  0.77997778  1.57996783
  0.75276482 -1.22848625  2.23260767  2.91560617 -2.49911256 -1.70645014
 -1.57394732 -1.58358463 -4.67961475 -0.82997507 -3.66481307  2.34764514
  4.08203887  1.36504161 -1.62102619 -1.59833735 -1.57805716  1.57091959
 -0.81027929 -1.76473909 -2.41982798 -0.80414768  2.15935368 -1.53108661
  1.45582911  1.57242525  1.72743159  1.58512508  1.57909067 -1.48785528
 -1.56698831 -4.71061888 -1.56873567 -1.56053656 -1.51297969 -1.64417653
  1.53074587  1.53882296 -1.58749565  1.54769429  1.51537358  1.57407624]",-2.1494914530749156
"[np.float64(0.7049314848685077), np.float64(-0.21307769059093218), np.float64(0.19657658722781632), np.float64(0.6062841297608044), np.float64(-0.3953738121616447), np.float64(0.11105762230610697), np.float64(-0.2597928412862736), np.float64(-0.1967472231365897), np.float64(-0.1696367630387953), np.float64(-0.07498851822973275), np.float64(0.16638013440001354), np.float64(0.24548504949982602), np.float64(0.4611494839862815), np.float64(-0.14131643457734577), np.float64(-0.19918378477196438), np.float64(0.41195357018889744), np.float64(-0.2599145686338546), np.float64(0.49671085561323103), np.float64(-0.40716306920144646), np.float64(0.43919889213562835), np.float64(0.23255349130260838), np.float64(0.17208990439257613), np.float64(-0.12760312131262905), np.float64(0.7661105945619325), np.float64(0.28392014756905937), np.float64(-0.16944727688945077), np.float64(0.25915817368088173), np.float64(-0.200200236049507), np.float64(0.013503979355310575), np.float64(-0.36763634106771076), np.float64(0.3125071860558174), np.float64(0.4510362260521307), np.float64(0.16265264606592142), np.float64(0.26066639338519043), np.float64(-0.045150656039833155), np.float64(-0.05737921025454012), np.float64(0.005649796642403914), np.float64(-0.4615718415617034), np.float64(-0.21219014130062225), np.float64(-0.20197815175806194), np.float64(0.21986433044009704), np.float64(-0.578783128221912), np.float64(-0.41221933111907977), np.float64(-0.17184244006060093), np.float64(0.4762232460044062), np.float64(-0.24234202190254014), np.float64(0.13228666778882955), np.float64(0.24171875454288957), np.float64(0.16524728223146112), np.float64(0.07370281132650375), np.float64(0.4070162933428629), np.float64(0.24464145655108827), np.float64(0.28069836007820226), np.float64(-0.05089863752717908), np.float64(0.3608730602610162), np.float64(-0.4074388267656431), np.float64(0.0008005956594544225), np.float64(0.31282048169084553), np.float64(0.2947080485426641), np.float64(-0.020046941858647842), np.float64(-0.20568749717116788), np.float64(-0.2741792214301766), np.float64(-0.5733154022064683), np.float64(-0.06108422686467215), np.float64(0.11614330090505694), np.float64(0.01618328133818817)]","[-1.60382813e+00 -4.55687201e+00 -2.33877583e+00 -2.87982391e+00
 -5.76051250e-01 -3.61998027e-01 -2.96470390e-01  1.57010184e+00
  1.73783032e-03 -1.59929605e+00 -3.14423202e+00  1.57063145e+00
 -1.57186029e+00 -1.57080025e+00 -1.57057710e+00  1.57090909e+00
 -1.57032650e+00  1.56991713e+00 -1.57112369e+00 -6.63611807e-01
  6.64020540e-01  4.65007834e-01  2.67570788e+00 -1.57101022e+00
 -1.41433791e+00  8.01590851e-01 -2.62166677e+00 -1.92209862e+00
  4.08859791e-01  1.75400533e+00 -4.80127866e-01 -5.77229168e+00
  2.34799798e+00 -3.73802575e+00  9.50262368e-01  1.79892467e+00
  3.14469458e+00 -1.26957837e+00 -4.64893579e+00  1.53670644e+00
 -1.57015131e+00  1.57498323e+00 -1.54884314e+00  1.46762479e+00
  1.40693591e+00  4.40010236e+00  1.10641035e+00  6.55212348e-01]",-1.43786138518999
"[np.float64(0.17871720622401813), np.float64(0.17710590211922872), np.float64(-0.16846058088588708), np.float64(0.5032914109994224), np.float64(0.08505382146604294), np.float64(-0.06747234582186094), np.float64(0.09703806683839043), np.float64(-0.2643275131044178), np.float64(0.32210605839794826), np.float64(0.1327221475168196), np.float64(0.06247352449712695), np.float64(-0.26200525364413446), np.float64(-0.21816955768429439), np.float64(0.046227635953642224), np.float64(-0.10242146503549004), np.float64(0.1267371392629761), np.float64(-0.1734670990396543), np.float64(0.084174039358487), np.float64(-0.03776423440225741), np.float64(-0.34790668515127077), np.float64(0.029986502321419466), np.float64(-0.03267667197335425), np.float64(-0.09336141395378982), np.float64(-0.43517677975080515), np.float64(-0.1060893384233651), np.float64(-0.6179508239402908), np.float64(-0.23585948623120487), np.float64(0.007820692708984197), np.float64(0.041880221226051915), np.float64(-0.16221178748917214), np.float64(0.029864164297157537), np.float64(-0.46768256882576664), np.float64(0.018923960155479844), np.float64(-0.18917023766707702), np.float64(-0.1860220030220746), np.float64(-0.35717260846098864), np.float64(0.0037430078863061574), np.float64(-0.013585210731427847), np.float64(-0.21581393002457147), np.float64(0.05548145271470195), np.float64(0.11085138911741424), np.float64(0.2766469337458246), np.float64(-0.0017750713353849256), np.float64(-0.14961989322489538), np.float64(0.016060909035816105), np.float64(-0.2000465818000321), np.float64(-0.29627461305171193), np.float64(-0.1844848055804545), np.float64(0.5697165111363856), np.float64(-0.5697605652391798), np.float64(0.2849300303342125), np.float64(0.056294437489278655), np.float64(-0.29121554327200444), np.float64(-0.20203102413224583), np.float64(0.5316298274598374), np.float64(0.08125861637061779), np.float64(-0.21902077227362965), np.float64(-0.10142328666211863), np.float64(0.27030083018248785), np.float64(-0.2536612902775446), np.float64(0.08586395074718822), np.float64(-0.13057138224555406), np.float64(0.2735307161242213), np.float64(0.12621712187605585), np.float64(0.1572908878433301), np.float64(-0.45697597291046854)]","[ 1.63160802  0.90055014 -1.1521724  -1.87640003 -2.93051957 -1.96954146
  0.91188383  0.10899063  2.34718312  1.56382505  0.00734285  1.57187536
  1.57242476 -1.57046231  1.57071924 -1.57073191  1.57067713  1.5706788
  1.57104742 -1.57021266  1.56205802  2.85379781 -0.29695228  1.5731354
 -4.04233259 -1.98920433 -4.69816982 -1.79942053 -0.32702171 -0.09866999
  1.98440048 -1.78075467  3.68545278  2.11813036 -2.07772507 -1.94266282
 -3.1411809  -0.72811249 -1.4058246   1.56532746  1.56967096  1.57663368
 -1.58140753  1.52424599  4.80798883  1.3840625   2.11800085  0.55091235]",-1.2292586192934323
"[np.float64(0.09436942904133284), np.float64(-0.09212004778370397), np.float64(-0.17279724180073158), np.float64(0.03340352391015778), np.float64(-0.13537810660396335), np.float64(0.31822360085506485), np.float64(-0.7058084044286088), np.float64(0.24762674471925009), np.float64(0.05444307083049746), np.float64(-0.4155482971338612), np.float64(-0.2623710369544053), np.float64(-0.24166378140914582), np.float64(-0.10326798553727182), np.float64(0.10384018363097025), np.float64(0.0812076958085276), np.float64(0.22466147330850259), np.float64(-0.0515147565788578), np.float64(-0.4806695315309698), np.float64(0.058839043215808), np.float64(0.2221942132220013), np.float64(0.17314181388962907), np.float64(0.6577305565528523), np.float64(0.2996808048688022), np.float64(-0.42478411261026494), np.float64(-0.3487919745920016), np.float64(-0.40213728031431245), np.float64(-0.45031401882368477), np.float64(-0.14571143627563082), np.float64(-0.07696929703045854), np.float64(0.34729912555392123), np.float64(0.09024905622853036), np.float64(0.03229649142004054), np.float64(-0.03866332178951911), np.float64(-0.2550573406259094), np.float64(0.11441788645680562), np.float64(-0.008703286726513156), np.float64(-0.182066372430598), np.float64(0.4184700630890281), np.float64(-0.40567332391826416), np.float64(0.34356157233740486), np.float64(0.32226669471981706), np.float64(0.8608797809358425), np.float64(0.20172753522426906), np.float64(-0.3383935363395247), np.float64(-0.025266407791646496), np.float64(-0.3388958599009372), np.float64(0.006325016217134059), np.float64(0.017415743352862077), np.float64(-0.31278820631366683), np.float64(-0.43560748525881743), np.float64(-0.1429983058986518), np.float64(-0.03724090508223928), np.float64(-0.11916520746782723), np.float64(-0.032139562976807506), np.float64(0.11116699341314193), np.float64(0.13917207485289937), np.float64(-0.14088659598751252), np.float64(0.3953119343834326), np.float64(0.5638710462731317), np.float64(-0.12849657367471992), np.float64(-0.30608446642093085), np.float64(-0.11206745639385292), np.float64(-0.04337857315511712), np.float64(-0.12853316286482325), np.float64(-0.5364609019258711), np.float64(0.27874772376438056)]","[-3.84371408  0.28971964  0.2735532  -4.94512587 -2.77756114  2.46736452
  0.08628628  0.7105238   1.16748177 -0.01702886 -0.36039968 -1.56508993
  1.5708394   1.5701844  -1.57075689  1.57105041  1.5642639   1.5696531
  1.5695099  -1.56859962  4.63056463  1.6399457   1.52234839 -1.57838518
  1.21442377 -1.46485189  0.49257276 -0.94447402 -1.91836527  1.81766001
 -1.55118342  0.20639676 -5.72471241  3.79724859 -1.76419706  1.38201204
  1.55277465  1.54602816  1.5750884   1.58378352  1.57210338  1.56621207
  1.5653596   1.56370595  4.72516563  1.57775417 -1.56550413 -1.54304321]",-1.8475942501845566
"[np.float64(-0.06712282935689963), np.float64(0.2617933605645162), np.float64(-0.49376844211971915), np.float64(0.38383909339566363), np.float64(0.6238639957279256), np.float64(0.12279009334440173), np.float64(0.4143930151703166), np.float64(0.10789357598127824), np.float64(-0.5303553633999865), np.float64(0.4911440990548324), np.float64(-0.1967649523517874), np.float64(-0.02898403217668169), np.float64(-0.3004556945236775), np.float64(-0.5339827389322219), np.float64(-0.31120687002924124), np.float64(-0.02276965248423149), np.float64(0.10394732433801826), np.float64(0.15245118225275583), np.float64(-0.39141477059051744), np.float64(-0.7436369142914672), np.float64(0.2042042398958432), np.float64(0.10783888616963462), np.float64(0.1181876171147334), np.float64(-0.01292727995184613), np.float64(0.1281615972168205), np.float64(-0.24321182015664083), np.float64(0.15306590295377948), np.float64(-0.05164124139859677), np.float64(-0.6383587753123655), np.float64(-0.24360228721150667), np.float64(-0.11020992165409417), np.float64(-0.29015360720604394), np.float64(0.24602828714149277), np.float64(0.3164918907281503), np.float64(0.5817939106634685), np.float64(-0.23027893813625389), np.float64(0.06559434897232888), np.float64(-0.32427874367795123), np.float64(-0.5442141232747413), np.float64(0.22637320560851307), np.float64(-0.2781100264037575), np.float64(-0.19834763975233963), np.float64(0.24531333447266881), np.float64(-0.3449867393554032), np.float64(-0.5227470159246262), np.float64(-0.04277939539627482), np.float64(0.23188453463006056), np.float64(-0.13793929139806632), np.float64(0.12151521548707811), np.float64(-0.2877730978690228), np.float64(0.4571051507027091), np.float64(-0.39083936333011104), np.float64(0.05845915611558205), np.float64(0.1287055792604242), np.float64(0.4984825953146393), np.float64(-0.45852529964052546), np.float64(0.5530018798708568), np.float64(0.3235327980361123), np.float64(0.12680058490152818), np.float64(-0.015420514891605692), np.float64(0.13405425263149745), np.float64(0.2624344590518345), np.float64(-0.18403763260251915), np.float64(-0.05011781274974263), np.float64(0.258038128298552), np.float64(0.08137407760893171)]","[ 3.14378544e+00  2.42634579e-03  4.31719873e-01 -3.35041071e+00
 -3.74567210e+00  1.66365921e-02 -7.67196759e-01 -1.15916781e-02
  2.34932801e+00 -2.11309035e-01  5.12076433e+00  1.13727348e-02
  1.64078060e+00  4.36982683e-03 -5.61528894e-03 -2.74097014e-02
 -3.15309994e+00  1.41908801e-03 -3.13242962e+00  1.59857027e-02
 -3.21123495e+00  3.91727514e-02  3.25448559e+00 -3.27134057e+00
 -1.57596436e+00  1.57129856e+00  1.55160459e+00  1.57224911e+00
 -1.65146058e+00 -1.56762259e+00  1.77809622e+00 -1.56424234e+00
 -1.12140691e+00 -1.71994283e+00  5.78664864e-01 -1.47585913e+00
  3.13604021e+00 -3.06536977e+00  3.21244612e+00 -3.14193058e+00
 -1.00711143e-01 -3.25539670e+00  3.07839222e+00  2.84719886e+00
 -2.80357810e+00  3.14970465e-01  3.21351532e+00 -3.38935436e+00]",-1.4455305749179388
"[np.float64(-0.0041700058696311), np.float64(-0.34298517053318045), np.float64(-0.0624372153600819), np.float64(0.04288135432936163), np.float64(0.0010907043926295875), np.float64(-0.5480360691961993), np.float64(-0.21259246156845288), np.float64(-0.7053575569129793), np.float64(0.12165436837440508), np.float64(-0.02579162227389002), np.float64(-0.03860560010686679), np.float64(-0.05962066245235), np.float64(0.06240104707516698), np.float64(-0.1647024119778205), np.float64(0.06663076605213822), np.float64(0.4187298005799774), np.float64(0.04083164830728442), np.float64(-0.04846230936863725), np.float64(-0.25153405700892556), np.float64(0.22468667938656647), np.float64(0.5949982744779004), np.float64(-0.11386080254299229), np.float64(-0.20336521549235057), np.float64(-0.1281517274898012), np.float64(0.03865959983490245), np.float64(0.02764766345597805), np.float64(0.0719568586469068), np.float64(-0.5311169892748954), np.float64(0.3092761177644489), np.float64(-0.39042724084025326), np.float64(-0.16766602824373322), np.float64(0.2473948204550766), np.float64(0.3687326403792341), np.float64(-0.008115360490184388), np.float64(0.05698551755874707), np.float64(-0.7673918017961315), np.float64(0.5431489206401078), np.float64(-0.24734354240314785), np.float64(0.07030278743020793), np.float64(-0.32928105552310544), np.float64(0.019472556019091737), np.float64(0.27573416801895473), np.float64(-0.4221614000031046), np.float64(0.1735905898767712), np.float64(-0.25257803866575745), np.float64(0.5775262801358784), np.float64(-0.04991525128430674), np.float64(0.08057759705541713), np.float64(0.09573364739081294), np.float64(-0.1460148466294953), np.float64(-0.37019905156161725), np.float64(-0.1338861361709091), np.float64(0.04660646148571237), np.float64(-0.5586841543549272), np.float64(0.3828446217173543), np.float64(0.06504646755289471), np.float64(-0.5138982124780956), np.float64(0.34004707045717486), np.float64(0.12391291258415044), np.float64(0.08381641999571281), np.float64(0.22717985137069727), np.float64(-0.0002821696373237429), np.float64(0.4804785598390402), np.float64(-0.23025126785352948), np.float64(-0.33433662426698224), np.float64(-0.16030253429138744)]","[ 1.57248059e+00  1.57752011e+00  1.56879206e+00 -2.19164379e+00
 -4.39727106e+00  8.56297699e-01 -3.70710094e+00  2.43643729e+00
 -2.71435254e+00  1.05870381e+00  2.01583303e+00  1.57207148e+00
 -3.22875147e+00  5.97712291e-01  3.23187629e+00  4.79436348e-03
  1.19146815e+00 -1.15812509e+00 -4.73574586e+00  1.51720918e+00
  1.46420397e+00  2.03043243e+00 -2.25758439e+00 -3.14384773e-03
 -4.70938630e+00 -1.56445549e+00  4.71481879e+00 -1.61120975e+00
  1.41492818e+00  1.67295389e+00  1.40366283e+00  1.53972783e+00
 -1.57515684e+00 -1.56874456e+00 -1.64082591e+00 -1.53815460e+00
  2.16909525e+00 -9.50833507e-01 -2.57616366e+00  1.04035084e+00
 -1.21007800e+00 -1.56641809e+00  1.48546510e+00 -1.60322719e+00
  1.40592636e+00 -1.54784836e+00  1.73804046e+00 -1.56031114e+00]",-1.9139965488066082
"[np.float64(0.23384570898920307), np.float64(-0.15760139409800694), np.float64(-0.049303270978323606), np.float64(-0.09746223815954486), np.float64(-0.22478467090495297), np.float64(0.09424424578240019), np.float64(0.14282424883849526), np.float64(-0.0360962444535663), np.float64(0.10696843962557746), np.float64(-1.1081090288747628), np.float64(-0.25349986989667), np.float64(0.2609295908237528), np.float64(0.1906894999069418), np.float64(0.03401816344513184), np.float64(-0.12360894829143587), np.float64(0.1351970063613535), np.float64(0.07757967812119532), np.float64(-0.49162950221938095), np.float64(-0.26251184847724607), np.float64(-0.07645218275509179), np.float64(0.2559450062752104), np.float64(0.21588215675000408), np.float64(-0.044599023297540986), np.float64(0.0983721731324397), np.float64(-0.07000147299112741), np.float64(-0.22391727529590513), np.float64(0.6847658669700087), np.float64(-0.26621795521543234), np.float64(-0.11065998795623924), np.float64(0.1316919857828013), np.float64(-0.2712412356343958), np.float64(0.15403179824028992), np.float64(-0.37471267203969577), np.float64(-0.08485050175069095), np.float64(-0.000829011631589925), np.float64(0.15359300441865087), np.float64(-0.5998836943946606), np.float64(0.4073100772311617), np.float64(-0.35344373860802436), np.float64(-0.17931220735679332), np.float64(-0.23264511257402673), np.float64(0.030193910998633732), np.float64(-0.20043231194660582), np.float64(-0.029206055975547176), np.float64(0.2076150390123155), np.float64(0.2147822186236256), np.float64(0.0500548463790372), np.float64(-0.07496732695341285), np.float64(0.12519351323083286), np.float64(-0.07826817985935475), np.float64(0.2103022868425959), np.float64(-0.036737688772912086), np.float64(0.2752501977942578), np.float64(-0.03666863953778523), np.float64(0.14953244521657214), np.float64(-0.36727849107177335), np.float64(0.004517075488836575), np.float64(0.3131659918429255), np.float64(0.26813976779667903), np.float64(-0.28931072527411333), np.float64(-0.4374972066596913), np.float64(-0.06281384371566351), np.float64(-0.02300718089642016), np.float64(-0.01031198853662497), np.float64(0.10289238741669503), np.float64(0.3956996265094642)]","[ 9.83430691e-01 -2.86200534e-03 -2.56960275e+00 -8.89066242e-01
 -2.66825639e+00 -1.56836411e+00  3.14231843e+00  2.47438049e-01
 -9.77357671e-04 -1.57179732e+00  1.94121895e+00 -1.57344061e+00
 -1.67771044e+00 -1.63945905e+00  1.57033567e+00 -4.71316987e+00
 -1.56735592e+00 -1.38656542e-03  3.14310987e+00  3.14129983e+00
  3.14139217e+00  1.57132075e+00  1.57060276e+00 -3.39463532e+00
 -1.57082684e+00  1.52762397e+00  1.48316388e+00 -1.60598154e+00
  1.57909714e+00  1.63247508e+00 -1.57441882e+00  1.51367266e+00
 -1.56327026e+00 -1.24498850e+00  1.38313783e+00 -3.14577381e+00
 -1.56976295e+00 -1.49387339e+00 -1.66826260e+00  1.69083870e+00
  3.14192929e+00  3.14148892e+00 -3.04333863e-04  3.14058447e+00
 -9.23367739e-01 -5.17736020e-01 -4.59870650e+00  1.60041185e+00]",-1.7428474415764867
"[np.float64(0.16714965449147276), np.float64(-0.3727180562554883), np.float64(0.13158152930984793), np.float64(0.23140014828625394), np.float64(0.4046565249204305), np.float64(-0.1756134646246047), np.float64(-0.2612875787652026), np.float64(0.08516089389160446), np.float64(0.21486906549127766), np.float64(-0.48294290483925456), np.float64(0.005317764253874525), np.float64(0.09214488098035564), np.float64(-0.26156551869916966), np.float64(-0.9005137703414104), np.float64(-0.31537560193695785), np.float64(-0.06313181749899922), np.float64(-0.11713640430214989), np.float64(0.10494870657028846), np.float64(0.2914398067589837), np.float64(-0.048019016125510475), np.float64(-0.06955889641843307), np.float64(0.18999657077685592), np.float64(0.17131693188239783), np.float64(0.003936176493903823), np.float64(0.34484861420447543), np.float64(0.10744483628567685), np.float64(0.6294447052914312), np.float64(0.014021556883703242), np.float64(0.17519462988325454), np.float64(-0.08339273689283877), np.float64(-0.36697092830997935), np.float64(0.05908715950225766), np.float64(-0.31183540963180484), np.float64(0.5047035367070184), np.float64(-0.3223136254005041), np.float64(-0.37914111261509653), np.float64(0.3099020042743485), np.float64(-0.32144687860980825), np.float64(0.04124594260020497), np.float64(-0.4152565682402812), np.float64(0.04448867226882116), np.float64(0.5416555330776849), np.float64(0.18455643033636743), np.float64(-0.20933586494096898), np.float64(0.06213541071495838), np.float64(0.04654936730957242), np.float64(-0.06289635043505822), np.float64(0.49894314259322586), np.float64(-0.6662288359794721), np.float64(-0.21836041877689902), np.float64(-0.37868777440921514), np.float64(-0.3040550005793713), np.float64(-0.37872587661328705), np.float64(0.31528250757014625), np.float64(-0.07062553052068045), np.float64(-0.5806015111692192), np.float64(0.09020368136464543), np.float64(0.18617391258882116), np.float64(-0.07964751898515632), np.float64(-0.02214685069837778), np.float64(0.024019861538812987), np.float64(-0.08298459108187599), np.float64(0.8398113079815174), np.float64(0.14150865298698642), np.float64(0.32724673610639987), np.float64(0.15549299264834582)]","[ 1.85510113e+00 -1.56837410e+00  1.57055238e+00 -1.73167204e+00
  4.73706933e+00  1.46619966e+00 -8.45362190e-01  5.88616527e+00
 -1.71693354e-01 -3.10320139e+00 -3.47271867e-01 -3.22491553e-01
 -8.84296887e-01 -1.56863839e+00  1.57068379e+00 -1.56895916e+00
  1.56684211e+00  1.56338032e+00  1.57937337e+00  1.55888150e+00
  1.54045620e+00 -1.60050084e+00  1.54913190e+00 -1.56156140e+00
  1.57054734e+00 -1.57115495e+00 -1.56900660e+00 -1.55211988e+00
 -1.47745525e+00  4.68765349e+00  4.45280871e+00  1.44486067e+00
 -2.10805034e+00 -1.25935353e+00  4.15392865e+00  1.68205578e+00
  7.33539580e-04  3.07375291e+00  6.20331928e-02  3.20186374e+00
  7.73902372e-01 -1.17015576e+00  1.54791497e+00 -4.67506497e+00
 -1.70327840e+00 -1.58246606e+00  1.19539278e+00  2.91046901e+00]",-1.8800780805750037
"[np.float64(0.1837253883591304), np.float64(-0.11880897777116611), np.float64(0.11280108778950713), np.float64(0.0009834613427423988), np.float64(-0.12288425805270942), np.float64(-0.11679476002769085), np.float64(0.5991641799322975), np.float64(-0.31729149424798875), np.float64(0.49417939069384537), np.float64(-0.45798226199460584), np.float64(0.09021923865444342), np.float64(-0.2816591624746172), np.float64(-0.015253667393290784), np.float64(0.1879751043967624), np.float64(0.3333475404474614), np.float64(-0.1358395141642679), np.float64(-0.1533699292537819), np.float64(0.49371005731892575), np.float64(0.32865828654042817), np.float64(-0.2111666746602349), np.float64(-0.1314049364869995), np.float64(0.42934905244607935), np.float64(-0.09751041129671523), np.float64(0.11627874351306638), np.float64(-0.7987820277651806), np.float64(0.09807518992950331), np.float64(-0.17631682882213676), np.float64(0.10764515857190673), np.float64(0.12209260650388275), np.float64(-0.1841523334466838), np.float64(-0.2852208908925592), np.float64(0.2305304469784747), np.float64(0.33034677510000127), np.float64(0.05889144988795463), np.float64(0.08935726913047314), np.float64(-0.16434266728987898), np.float64(0.2166680663937369), np.float64(-0.3287522301769131), np.float64(0.20603060988352995), np.float64(0.11643629979003613), np.float64(0.24182961449624904), np.float64(-0.6408529132039207), np.float64(0.08433794306794591), np.float64(0.0662722658224637), np.float64(0.14012073360874175), np.float64(0.06317491385621009), np.float64(-0.15319388674230708), np.float64(0.3958249869379141), np.float64(-0.12758147397612138), np.float64(-0.6278619266097714), np.float64(-0.08787354577893049), np.float64(-0.5069151925102348), np.float64(0.3874735738042285), np.float64(0.32545718339561974), np.float64(0.22350105372448745), np.float64(-0.5394235166895343), np.float64(0.2599563717013896), np.float64(0.12155096544985733), np.float64(0.19532871762297932), np.float64(-0.2603278385232827), np.float64(0.3995043968783325), np.float64(-0.41566143452303866), np.float64(0.3260717624193251), np.float64(0.08827991287726218), np.float64(0.1798691362616428), np.float64(-0.3485758617479857)]","[-2.40941237  1.53148968  0.77367466  0.29791912  0.22642428 -1.05231637
  4.09657583 -1.99543689 -0.15189742 -0.80221475 -0.23263635 -1.57622056
 -1.58052717  2.05296665  1.20479525 -1.59703249 -1.54607156 -1.56448043
 -1.58154249 -1.56937631 -1.56981041  1.57077655 -1.57026676 -1.57123664
 -5.45459864  0.22634489 -2.13386189  1.35329637  1.50520646  1.67730846
  1.54794647  1.52864643 -1.5648051  -1.50918885  1.60027017  1.55401512
  4.70090854  1.58092461  1.58190219  1.55941564  1.55444498 -1.58842406
  1.54824398  1.54462508  1.56126931  1.53634833  1.55215863 -1.56212558]",-2.3533394056385077
"[np.float64(0.233295990637782), np.float64(0.12399363393406666), np.float64(0.2519993256572398), np.float64(0.046456958205843925), np.float64(0.12258535481970781), np.float64(-0.2895331121139228), np.float64(0.13929080550383074), np.float64(-0.3738115429721957), np.float64(-0.04841073976724952), np.float64(0.7185068927784537), np.float64(-0.2004919060920508), np.float64(-0.1865027179431093), np.float64(-0.4091769615333053), np.float64(-0.5187245910146774), np.float64(-0.05728452047268631), np.float64(-0.08630485247707424), np.float64(-0.3169351460138532), np.float64(-0.003690738358518991), np.float64(-0.4115586378877042), np.float64(-0.008862388343712353), np.float64(-0.03293658300040904), np.float64(0.20451980841016806), np.float64(-0.11443562817150166), np.float64(0.2177434547831969), np.float64(0.009726151386789292), np.float64(0.3259280896456261), np.float64(-0.5001750043618075), np.float64(-0.3076356927850425), np.float64(0.5288060741588119), np.float64(0.043845185693430364), np.float64(0.5245624794151958), np.float64(0.46595670887968593), np.float64(0.2037333701091963), np.float64(-0.0582740988677044), np.float64(0.0852428087609462), np.float64(0.45156205447870895), np.float64(0.02996363540002196), np.float64(0.032491320148683715), np.float64(-0.13439780078665367), np.float64(0.5539793788361044), np.float64(0.34559398977658684), np.float64(0.3944759574793389), np.float64(-0.302774751721908), np.float64(0.016334080994276547), np.float64(0.24000919384781091), np.float64(0.31091659455092163), np.float64(0.13086773145086708), np.float64(0.39488166134385727), np.float64(0.21745418217460005), np.float64(-0.45201080636941837), np.float64(-0.11026986226038768), np.float64(0.011887373656560039), np.float64(0.47694618694685437), np.float64(-0.2635566779941239), np.float64(-0.1209681520068791), np.float64(0.3357625485797356), np.float64(0.07973995130081313), np.float64(0.03971312246693129), np.float64(-0.1311917046097748), np.float64(-0.35424499665588494), np.float64(0.20101022706362132), np.float64(-0.02052206126824473), np.float64(0.34121725826596716), np.float64(0.2231052954597547), np.float64(-0.3452421417771719), np.float64(0.11428816186030066)]","[-0.1028057   1.35139984 -4.71311856  1.69646254 -2.25464974 -0.22985017
  3.01812557 -3.06079278  0.31528371  2.97651026  2.95553116 -2.65048424
 -1.02359647 -1.75877193 -1.58481035  1.59350151 -1.5378073  -1.57392002
  1.57562641  1.57455381 -1.56519245 -1.56570023  1.56270088 -1.61538012
  1.66870757  4.71294527 -4.64063419  4.65593465  1.78572066  4.49993803
  1.55686214  1.69491999 -1.60522103  1.38679515 -3.29939424 -1.98738485
 -3.13890571 -0.11324261 -2.16858042 -4.89518628 -4.69533317 -1.57520033
  1.65664271 -1.51587507  4.84360597 -1.55007581  0.43033187 -0.12371727]",-2.081308083473232
"[np.float64(-0.19703231811159513), np.float64(0.1376454266747817), np.float64(-0.2567688328201641), np.float64(0.27510522263405435), np.float64(-0.3691413313040728), np.float64(-0.2635114774786057), np.float64(-0.20517956194844006), np.float64(-0.18943808726764952), np.float64(-0.06574625365462966), np.float64(-0.10860158217190123), np.float64(-0.17598549801458202), np.float64(-0.03293261631443807), np.float64(-0.19180579414394372), np.float64(-0.14519190339433038), np.float64(-0.2369229222482493), np.float64(-0.7361426045761419), np.float64(-0.5285893518568225), np.float64(0.132897843569628), np.float64(-0.07334761299605835), np.float64(-0.18889158870916986), np.float64(0.40723146297306395), np.float64(-0.4533097303516609), np.float64(-0.08537624262742051), np.float64(0.5509225223667447), np.float64(0.16907613934007182), np.float64(-0.3582309255252791), np.float64(-0.27835784484208004), np.float64(0.40981588214690734), np.float64(0.20990034451795272), np.float64(0.3748860448275148), np.float64(-0.24110380585563532), np.float64(-0.1406545434985641), np.float64(0.057402592103352294), np.float64(-0.11748467485867499), np.float64(0.05427753039722282), np.float64(-0.1715449446744458), np.float64(-0.15321733551944589), np.float64(0.3662542013862396), np.float64(0.2000168744095727), np.float64(0.1504702750670531), np.float64(-0.2540961736935436), np.float64(0.11480163135222823), np.float64(0.15258709574241064), np.float64(-0.1757935254790413), np.float64(-0.07514559569075138), np.float64(0.19374218487246844), np.float64(0.4364157838547215), np.float64(-0.15340984782145306), np.float64(0.12885185364365673), np.float64(-0.4259791105714071), np.float64(0.07714354844507736), np.float64(0.23100533675895413), np.float64(0.06156874892594836), np.float64(-0.3506087685319867), np.float64(-0.10434933554958328), np.float64(-0.3475386053256546), np.float64(0.031573834232175316), np.float64(-0.06786380241550317), np.float64(0.11164397610937594), np.float64(0.14979744094655276), np.float64(0.31706737687165504), np.float64(0.19310263994184407), np.float64(0.4594098995363607), np.float64(-0.012048323910107446), np.float64(-0.25561899383528564), np.float64(0.04679876855416981)]","[-1.57089992e+00  3.12878963e-04 -1.57150917e+00 -2.10277299e-04
  1.52588796e+00  3.14198329e+00 -1.56448794e+00 -6.43178009e-04
 -1.57132120e+00  5.52913041e+00 -2.68574653e+00  1.57066772e+00
 -3.36310457e-01 -3.47518458e+00  4.80908066e-02  3.09342931e+00
 -1.41457626e-02  3.12675060e+00 -3.34652124e+00 -2.05341943e-01
  1.57081761e+00  1.57111700e+00 -1.57121049e+00  1.59851275e+00
  1.57453114e+00 -2.19977060e+00  9.63527077e-01  7.87345551e-01
 -1.02168972e+00  2.34374151e+00  6.84165585e-01 -2.27519109e+00
 -1.49694882e+00 -1.64952791e+00 -2.00652021e+00 -1.18552380e-02
  1.57244837e+00 -1.55054856e+00 -1.58295439e+00  1.55113766e+00
  4.64335181e+00  4.66762260e+00  1.51102367e+00  4.69181350e+00
  1.56503438e+00 -1.56529692e+00  1.55877713e+00 -1.55625921e+00]",-1.7190735937119825
"[np.float64(-0.2519657692837952), np.float64(0.30676953971726373), np.float64(0.04328919908896705), np.float64(0.32786327408778315), np.float64(0.3545628689247647), np.float64(-0.009277868843240085), np.float64(-0.2080908657508357), np.float64(0.1917548461276808), np.float64(-0.293470726458162), np.float64(0.09254500634348503), np.float64(-0.2079058471080986), np.float64(-0.21032773952277178), np.float64(-0.13044454805269834), np.float64(0.3748361680347197), np.float64(-0.3412208697527341), np.float64(-0.07119923090568067), np.float64(0.01953576978365378), np.float64(0.030450115467275524), np.float64(0.07583384651826154), np.float64(-0.009955913235754198), np.float64(-0.08485359169492486), np.float64(-0.19681375919931984), np.float64(-0.08532298692680453), np.float64(0.04652774547494655), np.float64(0.2697736758424191), np.float64(0.14630861100402515), np.float64(-0.25032010553903933), np.float64(0.22076914506257572), np.float64(-0.23162993449282232), np.float64(0.05709865758790963), np.float64(-0.020303131464263748), np.float64(-0.40186170437021773), np.float64(-0.4054584316562597), np.float64(0.17900664156609228), np.float64(0.5515335262454224), np.float64(-0.29785391984385157), np.float64(0.004811206475217174), np.float64(0.14574986951967397), np.float64(-0.2446067377022851), np.float64(-0.10961722276648009), np.float64(0.22792343676220111), np.float64(-0.17223046717571172), np.float64(0.15928786613908752), np.float64(-0.025761463823239576), np.float64(-0.19828366291396593), np.float64(-0.28389383524869305), np.float64(-0.08190606750262512), np.float64(0.24398473025510395), np.float64(0.23349293566618012), np.float64(-0.27739676912095695), np.float64(0.016133244020976354), np.float64(-0.23328940806211876), np.float64(-0.2966892659728373), np.float64(-0.17775470300054155), np.float64(0.510269787258212), np.float64(0.30361200183782994), np.float64(-0.2754802834181942), np.float64(0.10993183425160569), np.float64(-0.2749937300712359), np.float64(-0.2543480435902985), np.float64(-0.019738877302111525), np.float64(0.20825153925909315), np.float64(-0.06954349378810826), np.float64(-0.022975223579480935), np.float64(-0.08571948630647269), np.float64(0.22202180711301991)]","[-3.89589198e+00  1.57463011e+00  4.37717635e-04 -1.60725778e+00
 -3.14155373e+00 -1.41088021e+00  1.81520834e-04 -1.57097836e+00
  6.00030649e-01 -4.20511226e+00  9.56183615e-01  1.57255051e+00
  1.57071351e+00  3.04510320e+00  9.66806995e-02 -5.96631141e-03
  3.14785374e+00  3.11781771e+00 -2.36136462e-02 -1.57148145e+00
  4.71286194e+00 -1.57123417e+00  1.57050663e+00  1.57080908e+00
 -3.14108195e+00  2.00891196e+00 -1.46802400e+00  1.28288463e-01
 -1.55830457e+00  1.40731814e-01 -1.30370349e+00  2.75758699e+00
 -1.39831258e+00  7.70648546e-02  1.19466777e+00 -3.14253385e+00
 -1.57067606e+00 -1.22323166e+00  3.22842682e+00  2.06815671e-02
 -3.29682131e+00 -3.14482897e+00 -3.59151639e-01  9.92227311e-01
  1.85494833e+00 -4.76587740e+00 -1.56666910e+00  1.57323691e+00]",-1.2709148245512552
"[np.float64(-0.3236445890574043), np.float64(0.07487902830174933), np.float64(0.3829257419873209), np.float64(-0.20544548068148838), np.float64(0.15356342486306257), np.float64(-0.3833792741636134), np.float64(0.328387583574697), np.float64(0.07106666558994208), np.float64(-0.09102509802419696), np.float64(-0.5254440111799121), np.float64(0.5668269211021552), np.float64(0.3636673565125233), np.float64(-0.23777827036513097), np.float64(0.029833513634579638), np.float64(-0.17199006011001675), np.float64(-0.34212834722470614), np.float64(-0.40143011357001), np.float64(-0.031167674106777312), np.float64(0.07237127789554688), np.float64(-0.38801385595043447), np.float64(0.28027370578447297), np.float64(-0.3719978412813358), np.float64(-0.6255588491907882), np.float64(0.24814579226004904), np.float64(0.040408495613634826), np.float64(-0.5715770063277463), np.float64(0.07030914420817953), np.float64(-0.35416881363565256), np.float64(0.06737010144812225), np.float64(0.047395507560586955), np.float64(0.49280653279914566), np.float64(0.12494414867345043), np.float64(-0.04775760373724989), np.float64(-0.3330324176963404), np.float64(-0.3938167651111001), np.float64(-0.23832947157285037), np.float64(-0.11470016048136498), np.float64(-0.2942523266403978), np.float64(0.09772197957546185), np.float64(0.02472470898758583), np.float64(0.39769766945872026), np.float64(-0.17337061006922902), np.float64(0.07430372285488993), np.float64(-0.17822815072726544), np.float64(-0.2056039909798855), np.float64(0.05535303715045213), np.float64(-0.4333004698796739), np.float64(0.2758472398557825), np.float64(-0.4767137065947572), np.float64(-0.0683167631240216), np.float64(0.3849877468873256), np.float64(0.16104490536585733), np.float64(0.08056257944053254), np.float64(-0.03620230584984376), np.float64(-0.37763616070213923), np.float64(-0.1636947931326799), np.float64(0.3716223998515857), np.float64(-0.288161767406361), np.float64(-0.36318966722670476), np.float64(-0.018005207434577137), np.float64(0.1179866429135846), np.float64(0.050110980735130574), np.float64(0.11299431857604939), np.float64(-0.18656593193176568), np.float64(-0.2430833716703748), np.float64(0.2751146673428246)]","[ 1.57257368e+00 -1.57094430e+00 -1.57127120e+00  1.46462863e+00
  1.61849951e+00  1.76933779e+00 -1.59415100e+00 -1.28058079e+00
 -1.56207070e+00 -1.56526112e+00 -1.83086725e+00  1.57152933e+00
  3.30494229e+00  2.10105765e-01 -2.10473309e+00  2.08374324e+00
 -2.98990807e+00  3.37555097e+00 -3.21611368e+00  3.07068503e+00
  3.02676631e+00 -2.92723707e+00 -8.27763855e-02 -2.14572747e-04
 -1.57356595e+00  1.60434499e+00 -1.88810620e+00  1.76935368e+00
 -1.58918653e+00 -1.28368754e+00 -1.30958698e+00  1.45580288e+00
 -1.34815703e+00 -4.36235567e+00 -1.45014836e+00  1.56162670e+00
 -1.36086502e+00 -2.81949686e+00 -5.85473169e-01  4.73391094e+00
 -1.56803761e+00 -1.60375864e+00  1.55942706e+00  1.54924930e+00
 -1.60307245e+00 -1.57905161e+00 -1.55024695e+00 -1.45807382e+00]",-2.1488752559553177
"[np.float64(-0.08237157765269526), np.float64(-0.13758159384492644), np.float64(0.05427428931622891), np.float64(0.21518133998992386), np.float64(-0.35453936920954426), np.float64(0.14661534494436368), np.float64(-0.08191203175931801), np.float64(0.018912248616901668), np.float64(0.058284309514521564), np.float64(-0.07017592666584599), np.float64(-0.3455020525235842), np.float64(0.2526061799006793), np.float64(0.5574602196693632), np.float64(0.584273489788305), np.float64(-0.1304864070285448), np.float64(0.06986883229389712), np.float64(-0.05665373562695398), np.float64(-0.26127258986900487), np.float64(0.4906196255221249), np.float64(0.09566172385904274), np.float64(0.27093481368929045), np.float64(0.5137257984895964), np.float64(-0.2703106209614475), np.float64(-0.02189563511712789), np.float64(-0.08641916317500789), np.float64(0.21947477399598456), np.float64(0.08614536916367088), np.float64(0.1890153776222315), np.float64(0.21003659952745518), np.float64(0.36653936462817066), np.float64(0.06151695769413027), np.float64(-0.013287113880875782), np.float64(-0.21014460281246403), np.float64(0.3100070829951568), np.float64(-0.22362717006252392), np.float64(-0.3810259300504163), np.float64(0.09535519015199849), np.float64(0.15279938362808795), np.float64(-0.019856677964938993), np.float64(-0.0644202431873758), np.float64(-0.04652469316775181), np.float64(0.05495762763967301), np.float64(0.20698911779977092), np.float64(0.2166984891284841), np.float64(-0.4557001220358088), np.float64(0.015241925941439485), np.float64(0.1961022783763018), np.float64(0.0400603473664823), np.float64(-0.014825027535115727), np.float64(-0.13385948613612936), np.float64(-0.12641331133381387), np.float64(0.16761692017566626), np.float64(-0.13210985757377652), np.float64(0.15534754011216245), np.float64(0.16302272217119554), np.float64(-0.5996386389340427), np.float64(-0.038129883865229454), np.float64(0.5351476778040631), np.float64(-0.42567389690725155), np.float64(0.5782946727415743), np.float64(0.35801462848084187), np.float64(0.17231012862246348), np.float64(0.38349291083962517), np.float64(-0.041877382981876786), np.float64(-0.03370746875510365), np.float64(-0.44377675483056894)]","[-3.22951132e+00  1.13960186e+00  3.15775833e+00 -2.13446414e-01
  2.56216335e+00  1.65736304e+00  1.37457814e+00  3.77700402e+00
  3.03893428e+00 -3.88643099e-02 -1.15220300e-01  1.55867739e+00
 -1.56986066e+00  1.49263365e+00  1.56107574e+00  1.57393135e+00
  1.77684858e+00  2.41114034e-01 -1.11052160e-01  4.76371588e-03
 -4.46965151e-03 -1.68453936e-01  9.23853762e-01  1.57095271e+00
 -4.80310294e-01  1.63702103e+00 -1.37605285e+00  4.14886901e+00
 -1.24159275e-01  1.44135101e+00  1.54982058e+00  1.56373743e+00
  4.70497590e+00 -4.66363911e+00  1.46398540e+00  1.58815852e+00
  1.57045236e+00 -1.56876205e+00  1.56729085e+00  1.57423273e+00
  1.57625093e+00 -2.49010582e+00  3.20271190e+00 -1.01231746e-02
 -3.26235205e+00  3.83413206e+00 -1.56681538e+00 -1.56752094e+00]",-1.8355595076582176
"[np.float64(0.1792697368072551), np.float64(-0.11095331128155564), np.float64(0.18369510726022384), np.float64(0.26279903867776233), np.float64(-0.10856211873004408), np.float64(-0.027216158339381714), np.float64(0.1129227062051971), np.float64(-0.029039555024925584), np.float64(-0.14390583779986654), np.float64(-0.07243383327476811), np.float64(-0.008480078883483998), np.float64(0.057256738136811446), np.float64(0.05196778895941262), np.float64(0.04277569699330619), np.float64(-0.3457384502177459), np.float64(-0.09193520366505445), np.float64(0.2366781196687509), np.float64(0.07553904911564405), np.float64(-0.1600973135495272), np.float64(-0.059036176692021214), np.float64(-0.031948606612426954), np.float64(-0.1705606099454536), np.float64(0.1968292251016775), np.float64(0.09008683981398753), np.float64(-0.28932174175932757), np.float64(-0.14170803469098192), np.float64(-0.057700971085351445), np.float64(-0.16736341362993365), np.float64(0.10559665251965233), np.float64(0.019804848606907816), np.float64(-0.16942900092549593), np.float64(-0.012651753323520141), np.float64(-0.08418903623009524), np.float64(-0.3400886221294282), np.float64(0.3881884854764747), np.float64(-0.2103456535996113), np.float64(-0.3656039980715262), np.float64(0.1543588206226789), np.float64(0.269364889447293), np.float64(0.20748553196779804), np.float64(-0.03124192988388975), np.float64(-0.13250691116277458), np.float64(0.21217640879030278), np.float64(-0.5293656807268355), np.float64(0.02570845432914886), np.float64(-0.09544170860686985), np.float64(0.059910881421944756), np.float64(-0.28686892404292236), np.float64(-0.24355099034570915), np.float64(-0.14953971162567967), np.float64(-0.041465921555749206), np.float64(-0.5446888785662308), np.float64(0.10368943853291203), np.float64(0.28653513049581303), np.float64(-0.40584886154929706), np.float64(0.23138540194358365), np.float64(-0.26257799591601144), np.float64(-0.16274870976323494), np.float64(-0.16453782974553566), np.float64(0.014581690798834613), np.float64(0.25482221335191), np.float64(-0.011315206153740428), np.float64(0.25399532278624853), np.float64(0.1060402001727421), np.float64(-0.05880791342001866), np.float64(0.17387061536306658)]","[ 8.99095253e-03 -3.42119568e-01  1.59446103e+00  1.34646707e+00
 -3.63746736e+00 -3.24196776e+00  3.33229375e+00 -2.63488422e-01
 -3.08270767e+00 -2.95174240e+00  3.16461226e+00  6.47574693e-01
 -1.76142960e+00  4.36734319e-01  1.58260019e+00 -1.57367546e+00
  1.57595682e+00  1.56619846e+00 -1.57134720e+00  1.57428952e+00
 -1.57109390e+00 -1.42838175e+00 -1.54719696e+00 -1.57413531e+00
  9.57568407e-01  1.57140209e+00  1.57551713e+00  1.69886782e+00
 -1.44924737e+00  1.73521392e+00 -1.67282428e+00  1.59743702e+00
  1.96088726e+00  3.19310774e+00  2.20877829e-01  1.57557933e+00
  1.72335392e-03 -3.63335397e-01  1.20837294e+00  1.50464305e+00
  1.49196359e+00  1.79085534e+00  1.53354163e+00  1.43699727e+00
 -1.28562614e+00  4.26897798e-02  3.17318888e+00  3.01525158e+00]",-1.9317389561692835
"[np.float64(-0.37373507311261644), np.float64(-0.006634900620380824), np.float64(0.1275803746389918), np.float64(-0.6256485936542255), np.float64(0.49482155628881436), np.float64(-0.33156898616367053), np.float64(0.3673669613239336), np.float64(-0.31815403976364953), np.float64(-0.021328464985512267), np.float64(0.15254034005096567), np.float64(0.3240919260422437), np.float64(0.38125375569423975), np.float64(-0.1358412545033388), np.float64(-0.07752026728494345), np.float64(0.08515485436481096), np.float64(0.09159270603349122), np.float64(0.0015562976517933358), np.float64(-0.266812714375197), np.float64(-0.060122393527168035), np.float64(0.16691238107463435), np.float64(0.16960459967366948), np.float64(0.01111869422314862), np.float64(0.26735207701450464), np.float64(-0.17033901690439834), np.float64(-0.28441656725055986), np.float64(0.30278708676715205), np.float64(0.12699338102984586), np.float64(-0.33095880118714416), np.float64(0.1461960126030164), np.float64(-0.1992868841496109), np.float64(0.17049005219007585), np.float64(0.7685891356277285), np.float64(-0.08935186468839822), np.float64(-0.6359933771837849), np.float64(-0.10971142724409372), np.float64(-0.0023595139452948126), np.float64(-0.3671092875224001), np.float64(-0.6540596003801965), np.float64(-0.19723534149393018), np.float64(0.7273615406532373), np.float64(0.08528383754611579), np.float64(-0.27307622605717463), np.float64(0.35833967609622086), np.float64(0.17393653948518042), np.float64(-0.3685919141849565), np.float64(0.7381868666595807), np.float64(-0.033816622300196414), np.float64(0.34673310230433735), np.float64(-0.3524494313745856), np.float64(0.42935816024682266), np.float64(0.04852132933923499), np.float64(0.25513504815926874), np.float64(-0.46220984834941814), np.float64(-0.10180976223236245), np.float64(-0.3986974273608239), np.float64(-0.0918139255559674), np.float64(0.6293557878831595), np.float64(0.2383240286035121), np.float64(-0.7197109073381037), np.float64(-0.5159153358966763), np.float64(-0.49367183663034864), np.float64(-0.3852087336993297), np.float64(-0.25940088101997943), np.float64(0.2650651325826611), np.float64(-0.03851174879602015), np.float64(-0.11469502313631945)]","[ 1.97245851  2.85912917 -0.08124681 -3.03432992  2.78661069  0.02199633
  0.22084051 -3.31963725 -3.13775404 -0.27507042 -0.08012331  4.69104206
  1.58454582  1.56579551  1.57433455 -1.57081167 -1.5633821   1.56762365
  1.57387359  1.56732799  1.57825718  1.56863645  1.56462619  1.04427416
  1.27748601 -2.33916662  0.66212294 -1.55344833  2.5539305   1.27602776
 -3.61235623 -2.75652623  1.5911004   2.55287713 -0.47627782 -1.68047896
 -1.55594455  1.58044802  1.54985743  1.58086106 -1.56194224 -1.5732783
 -4.71318199  1.61507142  1.6157412   1.57685665 -1.57233184 -1.57019922]",-2.2241855550291803
"[np.float64(0.5312981621406114), np.float64(0.17104625008882388), np.float64(0.25997351681108877), np.float64(-0.20926870401388756), np.float64(-0.11779922172700905), np.float64(0.02398503036974047), np.float64(0.2893341524988337), np.float64(-0.0011382494605494478), np.float64(0.3978271140144238), np.float64(-0.06469576626820517), np.float64(-0.07912748293276828), np.float64(-0.20373960864329901), np.float64(-0.2750692917441773), np.float64(-0.30919616138970624), np.float64(0.06918333981291955), np.float64(-0.39757519415067527), np.float64(0.18065640229009403), np.float64(-0.2094758484622073), np.float64(-0.10671325547875811), np.float64(0.03915321040813651), np.float64(-0.046980404898381824), np.float64(-0.08415449663878102), np.float64(-0.2106027583461927), np.float64(0.1878408470989558), np.float64(-0.2382728573018056), np.float64(0.347438239220081), np.float64(0.08025267607007777), np.float64(-0.06195445607354943), np.float64(0.4698142065328696), np.float64(0.02532241372539637), np.float64(-0.01056650260637606), np.float64(0.15005300843330904), np.float64(-0.05248627373172017), np.float64(-0.00593670507507188), np.float64(-0.3191913036874914), np.float64(0.4203319008531751), np.float64(0.43231830813790767), np.float64(-0.16377004117301316), np.float64(0.29240834324228543), np.float64(-0.09707507033461835), np.float64(0.08445538582794929), np.float64(-0.6328096010747883), np.float64(0.07646412719832252), np.float64(0.3345960236974058), np.float64(-0.027363315005195177), np.float64(-0.48682705075106797), np.float64(0.05940693555931052), np.float64(0.017291069007834045), np.float64(0.1347652140534857), np.float64(-0.4019931322108525), np.float64(-0.2653153297104988), np.float64(-0.19959744260772114), np.float64(-0.19207754884087727), np.float64(0.09171957106292053), np.float64(0.37145768741676405), np.float64(-0.02053527857909523), np.float64(-0.4130833840163519), np.float64(0.42439738088873524), np.float64(-0.005896785507177545), np.float64(0.027290351397725097), np.float64(-0.5254424855404227), np.float64(-0.13569164283390703), np.float64(0.2536502451794376), np.float64(-0.20020839922987305), np.float64(-0.02551572242756501), np.float64(-0.055215845327693795)]","[ 1.57088549e+00  1.57078888e+00 -1.57079643e+00  4.71801867e+00
  1.51163184e+00 -1.75489866e+00 -1.48305460e+00  1.55908763e+00
  1.64271558e+00 -1.65272847e+00  1.71093513e+00  1.57055721e+00
 -6.16771281e-05 -1.56987769e+00  1.27358207e-03 -2.24936499e+00
  1.53851369e+00 -1.75062544e+00 -1.60999913e+00  1.53183363e+00
  1.55752673e+00 -1.78313145e+00 -8.79832127e-01  1.14134811e-04
 -9.99720316e-01  4.14125056e+00  1.57082660e+00 -1.57100493e+00
 -1.57088098e+00 -1.57099226e+00 -1.56848465e+00  1.56775621e+00
 -1.55120455e+00 -1.50530137e+00  1.43030489e+00 -1.57100572e+00
  3.14266261e+00  4.72939319e+00 -7.99782612e-01 -2.90095765e+00
  2.88179946e-02  1.61612079e-01 -2.53814454e-01 -1.17965920e-01
  2.90258216e+00 -5.99303226e-01  4.54344854e+00  1.29858896e+00]",-1.524464938901474
"[np.float64(0.5723498941897813), np.float64(0.3158322574613543), np.float64(-0.17154594666396428), np.float64(0.22726362624041127), np.float64(0.16261693861714815), np.float64(-0.07882608361263997), np.float64(0.2127766066010811), np.float64(-0.13752592935442257), np.float64(-0.20759850481277659), np.float64(-0.16829778037815485), np.float64(0.17110345633158638), np.float64(-0.12179849264679811), np.float64(-0.2720744175516085), np.float64(-0.13061068944987797), np.float64(0.6141970049247537), np.float64(-0.1918783241192669), np.float64(-0.14676280547656118), np.float64(0.07329204289312177), np.float64(-0.45057946316736464), np.float64(-0.35164452510081096), np.float64(-0.35863078419129074), np.float64(-0.2171774539028317), np.float64(-0.7373422067814737), np.float64(0.06437281562278746), np.float64(-0.10141367186436308), np.float64(0.9431759880738716), np.float64(-0.16577779309495758), np.float64(-0.0595950318070604), np.float64(-0.47556976742792817), np.float64(-0.002087310264286205), np.float64(0.6777907855259118), np.float64(0.143181000138138), np.float64(-0.013963255547605927), np.float64(-0.6541213105883541), np.float64(0.28335199085141644), np.float64(0.08929915921924712), np.float64(0.0830142652674799), np.float64(0.10648200941645102), np.float64(-0.15013913149019306), np.float64(0.14977332716341474), np.float64(-0.0770810634304146), np.float64(0.31628856103516984), np.float64(-0.38034533781540614), np.float64(-0.09957908671518001), np.float64(0.06738792329828319), np.float64(-0.14455897873974416), np.float64(-0.293425713776452), np.float64(0.18549838189201373), np.float64(-0.031091630736360478), np.float64(-0.540733234815518), np.float64(-0.10433606934164752), np.float64(0.08367726205107599), np.float64(-0.2143195063334278), np.float64(-0.39614818456142153), np.float64(-0.49265849976235104), np.float64(0.4272768016214583), np.float64(-0.329373999913801), np.float64(-0.0024556330694026005), np.float64(-0.1287105552365947), np.float64(0.37115029519701137), np.float64(-0.09688226563471859), np.float64(0.21546915475143652), np.float64(-0.1262294174115889), np.float64(0.4280005269823946), np.float64(0.4006047178073461), np.float64(-0.5038679091383761)]","[ 1.22113302e+00 -1.69053446e+00 -3.02392300e+00 -2.13506922e-03
 -1.46551633e+00  6.28895617e+00  3.95565399e+00  2.67406705e+00
  3.41397008e+00 -9.27999151e-01  2.48634342e+00 -2.05908247e+00
 -1.51215850e+00  3.14553059e+00  3.14060297e+00 -5.94052048e-03
 -1.57481061e+00 -1.57567337e+00 -1.57056024e+00  1.57063281e+00
 -1.57618530e+00 -4.63687465e+00  4.58843998e+00 -1.25285943e+00
  4.58587504e+00  1.55944679e+00 -1.56377491e+00  1.57278926e+00
  1.55601429e+00  4.71886651e+00 -1.57682453e+00 -1.55525770e+00
  1.57084061e+00  1.56830963e+00 -1.51994507e+00  1.55477800e+00
 -3.46394010e-03  8.72761814e-03  3.09680279e-02 -1.59104332e+00
  4.68527702e+00 -1.56831820e+00  1.54994314e+00 -1.53774463e+00
  1.60429355e+00  1.58533260e+00  2.52799158e+00 -3.12101500e+00]",-1.9624499721758184
"[np.float64(0.42225001787718575), np.float64(-0.4712781381296518), np.float64(-0.4625887447385159), np.float64(-0.2804397780792913), np.float64(-0.15812178174895947), np.float64(-0.07374858061564254), np.float64(0.21893492024344968), np.float64(0.19031538497988323), np.float64(-0.24593947173595476), np.float64(-0.13133278492473038), np.float64(-0.0983702889354836), np.float64(0.0469133396799294), np.float64(-0.06665058071942342), np.float64(0.14065061719688662), np.float64(0.32660102850215894), np.float64(0.2405702908102782), np.float64(0.15127185815349428), np.float64(0.11424838777778996), np.float64(0.44116273271514395), np.float64(-0.16896587723434575), np.float64(-0.08725703732624232), np.float64(-0.024994975971477703), np.float64(0.032272202391037265), np.float64(0.30951911191904163), np.float64(0.2596845034333619), np.float64(0.05760051900994205), np.float64(-0.4062481579010173), np.float64(-0.042825464747788505), np.float64(-0.10560551270883581), np.float64(-0.5618421926633979), np.float64(0.16424223341201272), np.float64(0.2877322045517823), np.float64(0.32103496775916274), np.float64(0.0042746453207522924), np.float64(-0.15425059509851985), np.float64(-0.25305471265284424), np.float64(-0.29121486307549055), np.float64(-0.4230234970450254), np.float64(-0.030350943441371164), np.float64(0.0773209297749758), np.float64(-0.2250655548756101), np.float64(0.14263255996806892), np.float64(0.16719026218448532), np.float64(-0.6362306181589202), np.float64(-0.4986112184705432), np.float64(0.6165429147598765), np.float64(-0.15864021933222916), np.float64(0.13941820034125785), np.float64(0.020652919924365035), np.float64(0.7231054131074256), np.float64(0.13101784534316271), np.float64(0.17911474268369887), np.float64(0.018058212681500103), np.float64(-0.4635911018561329), np.float64(-0.03443312794676408), np.float64(0.34684620329180055), np.float64(-0.04690201233705042), np.float64(0.39114062368491587), np.float64(-0.14399133688730448), np.float64(0.003310634185153637), np.float64(0.0338456163001518), np.float64(0.11234221227575979), np.float64(-0.030272954783096717), np.float64(-0.17869152246647904), np.float64(0.10200117814911827), np.float64(-0.02088664057494389)]","[ 1.57097629e+00  1.57370244e+00  1.57390081e+00  1.15160163e+00
  4.54927257e-01  2.69432367e-01  1.78467363e-01  3.04468484e+00
  4.07431742e+00  8.52665654e-01 -4.40848961e+00 -1.57037626e+00
 -5.48968502e-02  2.85027578e+00 -3.45817342e+00 -3.37591912e+00
  9.72797669e-02 -1.42657495e+00  5.18049871e-02 -1.99496132e+00
  3.00594294e+00  3.54902961e+00  3.94145787e-01  7.82835310e-05
  1.57231904e+00  1.57250702e+00 -1.57175733e+00  4.70618278e+00
 -4.71892335e+00  1.56654971e+00 -1.55199302e+00 -1.49203239e+00
  1.78695222e+00 -1.41495592e+00 -2.32373683e+00 -1.57105014e+00
  1.28216046e+00  1.79961438e-01  1.50135193e-01 -3.03120932e+00
  1.71704999e+00  3.19586947e+00  2.01163550e+00  1.26138977e-02
 -3.25589954e+00  2.80773897e+00 -1.41864948e+00  1.76241357e+00]",-0.8980012556753536
"[np.float64(-0.5074614436142818), np.float64(0.2031934962294789), np.float64(0.09120193915879109), np.float64(0.03425427271192676), np.float64(0.213930402461863), np.float64(0.5142238570422474), np.float64(0.08041036874735694), np.float64(0.11359075529513708), np.float64(-0.08595653160707885), np.float64(-0.40011793181355976), np.float64(-0.1476717953228648), np.float64(0.42375075947801855), np.float64(-0.21343704484876136), np.float64(-0.09116445960200954), np.float64(0.271950718108504), np.float64(-0.037661624444228846), np.float64(0.04500728700904387), np.float64(0.23493497606438343), np.float64(0.007026857182763479), np.float64(-0.35968821569557996), np.float64(-0.06364409284492173), np.float64(0.447614734333938), np.float64(0.003666966673160339), np.float64(-0.30797032846054745), np.float64(-0.2975936861805754), np.float64(0.13519247939700757), np.float64(-0.1527462074924799), np.float64(-0.30847418527423076), np.float64(-0.2314975836870355), np.float64(0.032118372739738665), np.float64(0.043323070751682846), np.float64(0.7037342396270728), np.float64(0.012273793318490428), np.float64(-0.23222391457962036), np.float64(0.24123455777389793), np.float64(0.22896718374068684), np.float64(-0.15030793654666455), np.float64(-0.3873013260048697), np.float64(0.17631673098550574), np.float64(0.13974999668551466), np.float64(-0.4495285042214391), np.float64(0.12283033790545171), np.float64(-0.08889389243672369), np.float64(0.1741998377992718), np.float64(-0.3230422780538003), np.float64(0.1390212467926878), np.float64(0.05515993753729747), np.float64(-0.10525449667542477), np.float64(0.30319492234275874), np.float64(0.15611315450446128), np.float64(0.32484409747857396), np.float64(0.37540819695015687), np.float64(-0.21256506775415682), np.float64(0.23741861673061534), np.float64(0.2119025876718539), np.float64(0.23531907051352852), np.float64(0.3919410249395975), np.float64(0.10244814999572975), np.float64(-0.16971062262296419), np.float64(-0.4888613341080513), np.float64(-0.3287539505961693), np.float64(-0.2963189557937554), np.float64(0.2266020063100596), np.float64(0.06897940486403907), np.float64(0.17106585073454766), np.float64(0.19617082412532386)]","[ 1.57023396e+00 -1.57089380e+00 -1.57505794e+00 -3.78373694e+00
 -3.65798950e+00 -2.13530325e+00 -4.21370621e+00 -9.63978801e-01
 -2.06998444e+00  3.90213064e+00 -1.18286291e+00 -1.57052706e+00
 -3.13143008e+00  3.09771902e+00  1.43246535e-01 -4.01108103e-01
 -9.76113107e-01  1.87722896e+00 -9.96605324e-01  2.14997948e-01
 -4.49011281e-01  7.15563704e-01 -4.29465185e-02  2.48742709e-05
  1.57101053e+00  1.56826299e+00  1.57002652e+00 -1.57332063e+00
  1.57111416e+00 -1.56231403e+00  1.53740261e+00 -1.54270169e+00
 -1.68377021e+00  1.44668580e+00  1.99952338e+00 -1.57019086e+00
  1.53369690e+00  1.44026396e-01 -2.61285704e+00 -2.10017463e+00
 -1.24434122e+00  2.14231690e+00 -2.09122978e-01  2.73741026e+00
 -6.48497591e-01  1.95294918e-01 -4.00701580e-01  6.90106860e-01]",-1.1922395076235262
"[np.float64(-0.3730468778672938), np.float64(0.2071951125811913), np.float64(0.3906603120736632), np.float64(-0.07269156851462781), np.float64(0.3943515912017576), np.float64(-0.09523938318658265), np.float64(-0.10783551481087202), np.float64(-0.5875761601390269), np.float64(0.2945217357693276), np.float64(-0.1174018633479017), np.float64(-0.10564387368725392), np.float64(-0.2297862617989469), np.float64(-0.17617658487384155), np.float64(-0.17436547104845568), np.float64(0.2133076278768235), np.float64(0.12708449721456327), np.float64(-0.36755917297220175), np.float64(0.4047253121529287), np.float64(0.02697809115585365), np.float64(-0.1046421209641345), np.float64(0.08963959048747334), np.float64(-0.2151173159125437), np.float64(0.004572740655031614), np.float64(0.6977307452286154), np.float64(0.04965862312045563), np.float64(0.09845078523362906), np.float64(0.11029322409665882), np.float64(0.11586173360460743), np.float64(-0.101644912517746), np.float64(0.27591455461878034), np.float64(0.07716144386453122), np.float64(-0.7631522459909581), np.float64(0.1564684465188908), np.float64(0.15818066261892114), np.float64(0.03413267786483633), np.float64(0.0048085052840857), np.float64(0.0713979335450383), np.float64(0.06850583152503072), np.float64(-0.04609692260975602), np.float64(-0.49847295794390617), np.float64(-0.00407694543105994), np.float64(-0.14849823185011962), np.float64(0.38879545892247536), np.float64(0.15917729182740026), np.float64(0.32171132170192246), np.float64(0.31563579374407325), np.float64(-0.17527406405582563), np.float64(-0.22430896226526398), np.float64(-0.035479088819453566), np.float64(0.12251982369723), np.float64(-0.06897058730192185), np.float64(-0.23828282414767407), np.float64(-0.26629971905525074), np.float64(0.08454523900919375), np.float64(0.026163960711082547), np.float64(0.3148910163141177), np.float64(-0.3390560314524984), np.float64(0.02605180441333825), np.float64(0.2665556584559802), np.float64(-0.12086024854612243), np.float64(-0.09286523407591382), np.float64(-0.2352946439758234), np.float64(-0.05471695365416132), np.float64(-0.48998603904944416), np.float64(-0.23078960142370974), np.float64(-0.2582382230042084)]","[-0.12244118  1.81852682 -1.53052889 -1.36729286  1.63582367  1.62732499
  1.83645626 -0.76132206 -1.64364622 -0.22228609  1.87995596  1.77661781
  1.57793628  1.51693205 -1.56165433  1.55145777  1.59412521  1.68284003
  1.60490555 -1.61726789 -1.56764731  1.59346364  1.56390603  1.56104205
 -1.31091352 -1.54486821 -4.63684468  1.54259986  1.49683786 -1.43557654
  5.41592833 -1.74869141 -0.57955123 -1.28602171  3.25569243 -1.66144048
 -0.00573505  0.1958641  -0.28757277  0.05912963 -0.19222853 -3.00089676
  0.17457837 -3.18974124  0.08394859  3.20178732  3.05723856  3.3212717 ]",-1.6710032088340085
"[np.float64(-0.05326325709330029), np.float64(-0.07627266434778572), np.float64(-0.343212494120249), np.float64(-0.1340380810166148), np.float64(-0.03618862218334363), np.float64(-0.3427630523643974), np.float64(-0.34993576711465324), np.float64(0.22151572245233178), np.float64(0.10891730091653773), np.float64(0.1407114604248455), np.float64(-0.02462243965441108), np.float64(-0.47151420402510924), np.float64(-0.18260492886480426), np.float64(-0.57963626474662), np.float64(0.1774858919790514), np.float64(0.19657817176122575), np.float64(-0.2509239505503768), np.float64(0.20718396021397342), np.float64(-0.034550908991204415), np.float64(-0.20183445016562926), np.float64(0.4865766424956901), np.float64(0.2347764582350704), np.float64(0.0630116521118722), np.float64(0.07289736386770825), np.float64(-0.024019569522585944), np.float64(0.06568208308019254), np.float64(-0.29543569251208684), np.float64(-0.4646662204960405), np.float64(-0.11472659049797108), np.float64(0.009851773265068519), np.float64(0.7659698181812638), np.float64(-0.36707560627930913), np.float64(-0.17001998296896734), np.float64(0.06851482269851492), np.float64(-0.8658889629655788), np.float64(0.014363189195969375), np.float64(0.5713877972716569), np.float64(-0.3954362041427256), np.float64(-0.5814149919344653), np.float64(0.36036451662859054), np.float64(-0.03385312615774903), np.float64(0.04679077183707783), np.float64(0.11967693742144887), np.float64(-0.328498166697865), np.float64(0.3027274221061093), np.float64(-0.045680592087270606), np.float64(0.004667588070329429), np.float64(0.23768138007881237), np.float64(-0.14360731115244288), np.float64(-0.041894723189771145), np.float64(0.07636660480570549), np.float64(-0.317597969617863), np.float64(0.0006854468032260599), np.float64(-0.030053283699748436), np.float64(0.39323493667947484), np.float64(0.03681246157954869), np.float64(-0.617482134036761), np.float64(0.3513446753015388), np.float64(-0.14783085180926456), np.float64(0.09213958887968489), np.float64(-0.00954662885781784), np.float64(0.0067340519004750465), np.float64(-0.4074894588026485), np.float64(0.8411282129262433), np.float64(0.06248023440857337), np.float64(0.07083244052768456)]","[-3.15086154  3.16641601 -2.29676107 -2.11733132 -0.55091927  0.9480319
  2.97061127  0.8281609   2.91575236 -2.01971108 -2.01339143 -0.3158279
 -0.63742491  1.56322393 -1.64814408  1.64722201 -1.5819028  -1.53632432
  1.5543079  -1.55793469  1.57497924 -1.56031153  1.57979043 -4.72350666
  0.75188163 -1.58142047 -1.58111298 -1.55898734  1.58088451  1.52898845
 -1.59649345  1.5663673   1.56567338 -1.55133109  1.59241739  4.71840106
 -1.56724345  1.58647642 -1.58448329 -1.58389266 -1.58038989 -1.56306074
 -1.55749247 -1.55431384 -1.5521474  -4.79097731  0.47093772 -1.57740643]",-2.2171246060815974
"[np.float64(0.3254693189390827), np.float64(-0.5343220669159664), np.float64(0.18586967489129785), np.float64(-0.0036425844597248176), np.float64(0.20920504956157776), np.float64(-0.27323487766211296), np.float64(0.3147961918078389), np.float64(0.13768421915285978), np.float64(-0.9941316417483225), np.float64(-0.7744117433366303), np.float64(0.016327412694101855), np.float64(-0.5346002785493961), np.float64(0.07283487269031343), np.float64(-0.2949287201433816), np.float64(0.19014315634524692), np.float64(0.08017948604264645), np.float64(0.20345868195289604), np.float64(0.017219664108919466), np.float64(0.11830752589976341), np.float64(-0.05571902167323919), np.float64(-0.009231450836958371), np.float64(-0.30367920566801865), np.float64(-0.027193378818241288), np.float64(0.15706377869150911), np.float64(-0.21272362223256422), np.float64(0.054331099608711894), np.float64(-0.2886439945104956), np.float64(-0.026723056723329097), np.float64(-0.028021201363488315), np.float64(-0.29813036447636176), np.float64(-0.23428160913103294), np.float64(-0.03182816185744171), np.float64(0.5732429344726417), np.float64(0.5501668397737234), np.float64(0.11267371915521956), np.float64(-0.005337293210892962), np.float64(0.23446267530389137), np.float64(-0.024879025790765088), np.float64(-0.5439214248446285), np.float64(0.0040254630510469045), np.float64(0.03704266615096368), np.float64(-0.3613074827111978), np.float64(-0.08550903588639783), np.float64(-0.1693885604300503), np.float64(0.13799735108835748), np.float64(-0.6249772325859819), np.float64(0.10898851606628515), np.float64(0.01225562126067413), np.float64(-0.07602086153501189), np.float64(-0.01932163150404224), np.float64(0.29153547145266206), np.float64(0.1455474801826945), np.float64(-0.11412001277590136), np.float64(-0.29786880588780124), np.float64(-0.039670239709016335), np.float64(0.10848224424122853), np.float64(0.34169999240488186), np.float64(0.3611440367345406), np.float64(0.5951227322423261), np.float64(0.18993481875020582), np.float64(-0.39061422634641774), np.float64(-0.14691739899341794), np.float64(-0.0934426678247089), np.float64(0.09201194687578358), np.float64(0.021900685615049775), np.float64(0.015129645723874622)]","[-1.60169335 -1.61204178 -3.17232929 -4.14539575 -4.23706051 -2.21136813
 -4.21482195  0.84722142  0.60693998  1.21011924  0.17246527  1.61054357
  3.6720861  -0.02564891 -3.16274783  1.55660155  1.51935216 -1.53097743
  1.60710081  1.59920324  1.60378064  1.29265684 -1.28216685 -3.17743343
 -1.59337556 -3.5524142   1.5547284  -1.5742085  -1.57302562  1.53929644
  4.71100348  1.53713164 -1.51999364 -1.57195507 -1.60053435  1.60064405
  3.13487372 -3.12409754 -1.57298227 -1.56175772  1.58870767  1.52401438
 -1.65480885  4.77767594  2.18660057  0.96726714 -0.24479245 -0.04428513]",-1.9855252232609928
"[np.float64(-0.12208655864280432), np.float64(-0.2726249271937025), np.float64(0.0026150669448163325), np.float64(-0.12650148995374533), np.float64(-0.03766256031046784), np.float64(-0.22882052413031373), np.float64(-0.49712999247819645), np.float64(0.4133043248949139), np.float64(-0.29076481113158104), np.float64(-0.28621063969275307), np.float64(-0.10525179568703492), np.float64(0.07740017301424754), np.float64(-0.7422165957736714), np.float64(-0.32521842668587203), np.float64(-0.28383844489692983), np.float64(-0.08671415911636203), np.float64(-0.11333526322238102), np.float64(0.03675320725354246), np.float64(-0.4547632571418128), np.float64(0.39201082815738514), np.float64(-0.41223076952367654), np.float64(0.3802409186870808), np.float64(-0.20505576572755393), np.float64(-0.05131710891106922), np.float64(0.24037973470841972), np.float64(0.38024516571621214), np.float64(0.4277570694247202), np.float64(-0.009675607519178439), np.float64(-0.07121476932061015), np.float64(-0.3270187830332558), np.float64(-0.10446716899604298), np.float64(-0.18337978192541263), np.float64(0.755754543615411), np.float64(0.03015119951263331), np.float64(-0.30836172353287905), np.float64(0.2699838939001497), np.float64(0.2572181931250239), np.float64(-0.32926086470867555), np.float64(0.43207016159580375), np.float64(-0.1033906381487284), np.float64(0.22635615709250523), np.float64(0.20737805322610167), np.float64(0.3657940491463787), np.float64(-0.10377461723140213), np.float64(-0.16486224611449374), np.float64(-0.09286516375859423), np.float64(-0.7411570289213941), np.float64(-0.25024960212848496), np.float64(-0.20825255670785234), np.float64(0.06600556137470127), np.float64(-0.09100584595310127), np.float64(-0.12237905844505428), np.float64(-0.09739571020099705), np.float64(0.16314644591312136), np.float64(-0.11837686522163736), np.float64(0.22241787057235898), np.float64(-0.11465774547478601), np.float64(-0.5076291523576479), np.float64(0.3561062777016567), np.float64(-0.05874675105497254), np.float64(0.23674527537375256), np.float64(-0.19362965194142406), np.float64(0.019954512057224667), np.float64(0.3606592447087698), np.float64(0.11284377678368043), np.float64(-0.13566957085524473)]","[-3.14113629e+00  3.14185319e+00  9.97348627e-01  1.37393724e+00
  1.12737359e+00  6.36792012e-01 -2.03293598e+00 -4.79371954e-01
 -4.20286922e+00  1.63264282e+00 -4.87974956e-01  1.64664244e-03
  9.59110477e-01 -3.14147875e+00  2.15417464e+00 -1.48733723e+00
 -1.53981192e+00  1.55946740e+00  1.56371075e+00 -1.57841258e+00
 -1.58194176e+00  1.57570501e+00  1.63400782e+00 -1.60254808e+00
  1.57213294e+00  1.57329244e+00 -1.56969172e+00 -1.57057309e+00
 -1.57261912e+00 -1.56588436e+00 -1.55694676e+00 -1.49252020e+00
  2.36352757e+00 -2.92662774e+00  5.49679276e-02 -1.56896683e+00
  9.34823720e-04  2.43534562e-01  2.13837477e+00 -1.28700929e+00
 -1.74653223e+00 -1.55662037e+00 -1.62790419e+00 -1.31243839e+00
  2.86757054e+00 -1.28836356e+00 -2.13662500e+00 -3.20702284e+00]",-1.4059109381787493
"[np.float64(-0.3089163663571919), np.float64(0.036955657853595815), np.float64(-0.5666572154685403), np.float64(-0.27389107491410797), np.float64(0.2103899197507737), np.float64(-0.15520214566205598), np.float64(-0.27979770049922326), np.float64(0.5445610979574562), np.float64(-0.31538949741816), np.float64(0.3059938496221297), np.float64(0.01271052357496469), np.float64(0.06440006759487094), np.float64(-0.10767920587517521), np.float64(0.33409246878376514), np.float64(-0.1196393564748883), np.float64(-0.02582801705554346), np.float64(0.3246443578772119), np.float64(0.47844391751448534), np.float64(0.1790270834473274), np.float64(0.5798330823703025), np.float64(0.374669182225942), np.float64(-0.2201608333321894), np.float64(-0.0868365207969969), np.float64(0.10303020233888904), np.float64(-0.3451054257705351), np.float64(0.08716975258613259), np.float64(0.30504208429673146), np.float64(-0.16424191970424276), np.float64(-0.27860073763311954), np.float64(0.05854890741809805), np.float64(0.09592776137428931), np.float64(0.03934043001301174), np.float64(-0.06640132410608161), np.float64(-0.30858085447285666), np.float64(0.08228120230153475), np.float64(-0.42709654501660094), np.float64(-0.2249564615886592), np.float64(-0.07233888709004237), np.float64(0.06671963115598539), np.float64(-0.24063385548842223), np.float64(0.5471173879001768), np.float64(0.011797230732388671), np.float64(0.0078049598579647645), np.float64(-0.17202982458624963), np.float64(-0.4990913863369091), np.float64(-0.04103855457957827), np.float64(-0.2636123568266965), np.float64(0.11597556181906923), np.float64(0.24512067089555145), np.float64(-0.22305923377965245), np.float64(0.10238683873385508), np.float64(0.02811820616218408), np.float64(-0.2476213329968792), np.float64(0.041290349272352776), np.float64(0.5019799712453691), np.float64(0.13471042713968578), np.float64(0.06387858222864509), np.float64(-0.2637087277378854), np.float64(0.00784191922377518), np.float64(0.07290105905314134), np.float64(-0.23191380279273408), np.float64(0.030775759983085814), np.float64(-0.11890485645534173), np.float64(-0.062216291487442135), np.float64(-0.1528911483916235), np.float64(-0.06606873627941146)]","[-1.99562491  0.04384827 -0.05653784 -2.07508253 -2.40315241 -0.69455031
 -0.10064097  0.24722415 -2.77793906 -0.81195288 -0.27511107  1.56953603
  1.56609761  0.61845856  1.612901    1.57327164 -1.57190063 -1.57344114
  1.57292147  4.71327306  1.57135844  1.58146015  1.65208096 -1.6189399
  3.07130654 -0.05364857  1.58375952  1.65468184 -1.6273473   1.65482339
 -1.51730957 -1.56507459 -1.6210002   2.69659938  6.12192978 -1.60160779
 -0.00904112 -0.95284349  1.32715672  1.6454658  -1.5785289   1.5691791
  1.57212242 -1.55137371  1.64401232  0.64739406  0.4394112  -0.16767827]",-1.8131006899766362
